path,range,creation_date
PhoneAndSMSApps/SMSSync/develop/SMSSync-develop/libraries/pay-me/src/main/java/com/github/jberkel/pay/me/validator/DefaultSignatureValidator.java,101-112,20130807003454
PhoneAndSMSApps/SMSSync/v2.4-alpha-3/SMSSync-2.4-alpha-3/smssync/src/main/java/org/addhen/smssync/net/EasyX509TrustManager.java,40-51,20130914140638
PhoneAndSMSApps/smsdroid/SMSdroid-1.1.3/smsdroid-SMSdroid-1.1.3/src/de/ub0r/android/smsdroid/PreferencesBehaviorActivity.java,50-61,20120218190659
PhoneAndSMSApps/smsdroid/SMSdroid-1.1.4/smsdroid-SMSdroid-1.1.4/src/de/ub0r/android/smsdroid/PreferencesBehaviorActivity.java,50-61,20120218190659
PhoneAndSMSApps/smsdroid/SMSdroid-1.2.1/smsdroid-SMSdroid-1.2.1/src/de/ub0r/android/smsdroid/AboutActivity.java,47-58,20130702165633
ScienceAndEducationApps/Anki-Android/2.3.1/Anki-Android-2.3.1/src/com/ichi2/anki/AbstractFlashcardViewer.java,2960-2973,20141105145904
ScienceAndEducationApps/Anki-Android/2.3.1beta1/Anki-Android-2.3.1beta1/src/com/ichi2/libanki/hooks/Hook.java,43-62,20140511115929
ScienceAndEducationApps/Anki-Android/v0.5.1/Anki-Android-0.5.1/src/com/ichi2/anki/Reviewer.java,841-858,20100516204126
ScienceAndEducationApps/Anki-Android/v2.0.2beta2/Anki-Android-2.0.2beta2/src/com/ichi2/libanki/Utils.java,1213-1233,20120301200849
ScienceAndEducationApps/Anki-Android/v2.0.3beta2/Anki-Android-2.0.3beta2/src/com/ichi2/anki/Reviewer.java,3449-3469,20120826222459
ScienceAndEducationApps/Anki-Android/v2.0.3beta2/Anki-Android-2.0.3beta2/src/com/ichi2/anki/Reviewer.java,3471-3484,20120814101533
ScienceAndEducationApps/Anki-Android/v2.1.3/Anki-Android-2.1.3/src/com/ichi2/anki/Reviewer.java,3473-3493,20120826222459
ScienceAndEducationApps/Anki-Android/v2.1.3/Anki-Android-2.1.3/src/com/ichi2/anki/Reviewer.java,3495-3508,20120814101533
ScienceAndEducationApps/Anki-Android/v2.1alpha8/Anki-Android-2.1alpha8/src/com/ichi2/libanki/Utils.java,1191-1211,20120301200849
ScienceAndEducationApps/Anki-Android/v2.1beta1/Anki-Android-2.1beta1/src/com/ichi2/anki/Reviewer.java,3460-3480,20120826222459
ScienceAndEducationApps/Anki-Android/v2.1beta1/Anki-Android-2.1beta1/src/com/ichi2/anki/Reviewer.java,3482-3495,20120814101533
ScienceAndEducationApps/Anki-Android/v2.2alpha20/Anki-Android-2.2alpha20/src/com/ichi2/libanki/Utils.java,1191-1211,20120301200849
ScienceAndEducationApps/Anki-Android/v2.2alpha37/Anki-Android-2.2alpha37/src/com/ichi2/anki/PreviewClass.java,1024-1044,20140407213822
ScienceAndEducationApps/Anki-Android/v2.2alpha37/Anki-Android-2.2alpha37/src/com/ichi2/anki/PreviewClass.java,1046-1059,20140407213822
ScienceAndEducationApps/Anki-Android/v2.2alpha38/Anki-Android-2.2alpha38/src/com/ichi2/libanki/Utils.java,1191-1211,20120301200849
ScienceAndEducationApps/Anki-Android/v2.2alpha64/Anki-Android-2.2alpha64/src/com/ichi2/libanki/Utils.java,1192-1212,20120301200849
ScienceAndEducationApps/Anki-Android/v2.2alpha66/Anki-Android-2.2alpha66/src/com/ichi2/anki/AbstractFlashcardViewer.java,3090-3103,20141105145904
ScienceAndEducationApps/Anki-Android/v2.2beta10/Anki-Android-2.2beta10/src/com/ichi2/libanki/hooks/Hook.java,43-62,20140511115929
ScienceAndEducationApps/Anki-Android/v2.2beta16/Anki-Android-2.2beta16/src/com/ichi2/libanki/Utils.java,1191-1211,20120301200849
ScienceAndEducationApps/Anki-Android/v2.2beta21/Anki-Android-2.2beta21/src/com/ichi2/anki/AbstractFlashcardViewer.java,3157-3170,20141105145904
ScienceAndEducationApps/Anki-Android/v2.2beta8/Anki-Android-2.2beta8/src/com/ichi2/libanki/Utils.java,1191-1211,20120301200849
ScienceAndEducationApps/Anki-Android/v2.3alpha20/Anki-Android-2.3alpha20/src/com/ichi2/libanki/Utils.java,1197-1217,20120301200849
ScienceAndEducationApps/Anki-Android/v2.3alpha33/Anki-Android-2.3alpha33/src/com/ichi2/libanki/Utils.java,1197-1217,20120301200849
ScienceAndEducationApps/Anki-Android/v2.3beta11/Anki-Android-2.3beta11/src/com/ichi2/libanki/hooks/Hook.java,43-62,20140511115929
ScienceAndEducationApps/Anki-Android/v2.3beta42/Anki-Android-2.3beta42/src/com/ichi2/libanki/hooks/Hook.java,43-62,20140511115929
ScienceAndEducationApps/Anki-Android/v2.4alpha11/Anki-Android-2.4alpha11/AnkiDroid/src/main/java/com/ichi2/libanki/Utils.java,1197-1217,20120301200849
ScienceAndEducationApps/Anki-Android/v2.4beta15/Anki-Android-2.4beta15/AnkiDroid/src/main/java/com/ichi2/libanki/Utils.java,1199-1219,20120301200849
ScienceAndEducationApps/OpenLaw/v0.3.1/OpenLaw-0.3.1/extern/viewPageIndicator/src/com/viewpagerindicator/TabPageIndicator.java,120-133,20130708234348
ScienceAndEducationApps/OpenLaw/v0.3.1/OpenLaw-0.3.1/extern/viewPageIndicator/src/com/viewpagerindicator/TabPageIndicator.java,189-203,20130708234348
ScienceAndEducationApps/OpenLaw/v0.3.1/OpenLaw-0.3.1/extern/viewPageIndicator/src/com/viewpagerindicator/TabPageIndicator.java,238-254,20130708234348
ScienceAndEducationApps/OpenLaw/v0.3.1/OpenLaw-0.3.1/extern/viewPageIndicator/src/com/viewpagerindicator/TabPageIndicator.java,94-118,20130708234348
ScienceAndEducationApps/OpenLaw/v0.5/OpenLaw-0.5/extern/actionbarsherlock/src/com/actionbarsherlock/widget/ActivityChooserModel.java,781-806,20130621095546
ScienceAndEducationApps/OpenLaw/v0.5/OpenLaw-0.5/extern/actionbarsherlock/src/com/actionbarsherlock/widget/ActivityChooserModel.java,850-865,20130621095546
ScienceAndEducationApps/OpenLaw/v0.5/OpenLaw-0.5/extern/viewPageIndicator/src/com/viewpagerindicator/TabPageIndicator.java,120-133,20130708234348
ScienceAndEducationApps/OpenLaw/v0.5/OpenLaw-0.5/extern/viewPageIndicator/src/com/viewpagerindicator/TabPageIndicator.java,189-203,20130708234348
ScienceAndEducationApps/OpenLaw/v0.5/OpenLaw-0.5/extern/viewPageIndicator/src/com/viewpagerindicator/TabPageIndicator.java,238-254,20130708234348
ScienceAndEducationApps/OpenLaw/v0.5/OpenLaw-0.5/extern/viewPageIndicator/src/com/viewpagerindicator/TabPageIndicator.java,94-118,20130708234348
ScienceAndEducationApps/epmobile/v2.2.2/epmobile-2.2.2/src/org/epstudios/epmobile/Qtc.java,70-81,20111214160701
ScienceAndEducationApps/helsinki-testbed2-android/2.0.10/helsinki-testbed2-android-2.0.10/src/main/java/net/margaritov/preference/colorpicker/ColorPickerPreference.java,146-156,20121021131425
ScienceAndEducationApps/helsinki-testbed2-android/2.0.10/helsinki-testbed2-android-2.0.10/src/main/java/net/margaritov/preference/colorpicker/ColorPickerPreference.java,258-267,20121021131425
ScienceAndEducationApps/helsinki-testbed2-android/2.0.10/helsinki-testbed2-android-2.0.10/src/main/java/net/margaritov/preference/colorpicker/ColorPickerPreference.java,270-279,20121021131425
ScienceAndEducationApps/opentraining/v0.5.1/opentraining-0.5.1/app/src/de/skubware/opentraining/db/parser/AbstractJSONParser.java,47-65,20130214174715
ScienceAndEducationApps/opentraining/v0.6/opentraining-0.6/app/src/de/skubware/opentraining/activity/start/training/SwipeDismissTouchListener.java,101-111,20130524184457
ScienceAndEducationApps/opentraining/v0.6/opentraining-0.6/app/src/de/skubware/opentraining/activity/start/training/SwipeDismissTouchListener.java,211-242,20130524184457
ScienceAndEducationApps/opentraining/v0.7.3/opentraining-0.7.3/app/src/de/skubware/opentraining/basic/Translatable.java,178-192,20140630204627
ScienceAndEducationApps/periodical/0.21/periodical-0.21/src/de/arnowelzel/android/periodical/MainActivity.java,580-599,20140909180104
ScienceAndEducationApps/toposuite-android/v1.0.0-RC2/toposuite-android-1.0.0-RC2/TopoSuite/src/ch/hgdev/toposuite/utils/AlphanumComparator.java,49-74,20140410135346
ScienceAndEducationApps/toposuite-android/v1.0.0-RC2/toposuite-android-1.0.0-RC2/TopoSuite/src/ch/hgdev/toposuite/utils/AlphanumComparator.java,77-121,20140410135346
developmentApps/Catlog/v15/Catlog-15/src/com/nolanlawson/logcat/data/LogLineAdapter.java,228-238,20120228235615
developmentApps/andlytics/master/andlytics-master/src/com/github/andlyticsproject/admob/AdmobAuthenticationUtilities.java,51-64,20120625235830
developmentApps/andlytics/v2.5.4/andlytics-2.5.4/src/com/github/andlyticsproject/view/Rotate3dAnimation.java,74-98,20120615142509
developmentApps/andlytics/v2.5.5/andlytics-2.5.5/actionbarsherlock/src/com/actionbarsherlock/internal/app/ActionBarImpl.java,319-331,20121020142655
developmentApps/android/1.1/android-1.1/app/src/main/java/com/github/mobile/ui/user/UserPagerAdapter.java,65-78,20120904121211
developmentApps/vimtouch/v2.7r1/vimtouch-2.7r1/src/net/momodalo/app/vimtouch/VimTouchPreferences.java,62-71,20120102040826
gamesApps/sudowars/v1.1/sudowars-1.1/Sudowars/src/org/sudowars/Model/Difficulty/Difficulty.java,111-120,20120806140458
internetApps/Atomic/hydrogen-r2/Atomic-hydrogen-r2/libs/ActionBarSherlock/src/com/actionbarsherlock/internal/widget/ActionBarView.java,617-630,20120519110023
internetApps/Atomic/hydrogen-r2/Atomic-hydrogen-r2/libs/ViewPagerIndicator/src/com/viewpagerindicator/CirclePageIndicator.java,138-149,20120521214032
internetApps/Atomic/hydrogen-r2/Atomic-hydrogen-r2/libs/ViewPagerIndicator/src/com/viewpagerindicator/CirclePageIndicator.java,192-273,20120521214032
internetApps/Atomic/hydrogen-r2/Atomic-hydrogen-r2/libs/ViewPagerIndicator/src/com/viewpagerindicator/CirclePageIndicator.java,275-354,20120521214032
internetApps/Atomic/hydrogen-r2/Atomic-hydrogen-r2/libs/ViewPagerIndicator/src/com/viewpagerindicator/CirclePageIndicator.java,357-370,20120521214032
internetApps/Atomic/hydrogen-r2/Atomic-hydrogen-r2/libs/ViewPagerIndicator/src/com/viewpagerindicator/CirclePageIndicator.java,414-424,20120521214032
internetApps/Atomic/hydrogen-r2/Atomic-hydrogen-r2/libs/ViewPagerIndicator/src/com/viewpagerindicator/CirclePageIndicator.java,452-471,20120521214032
internetApps/Atomic/hydrogen-r2/Atomic-hydrogen-r2/libs/ViewPagerIndicator/src/com/viewpagerindicator/CirclePageIndicator.java,480-497,20120521214032
internetApps/Atomic/hydrogen-r2/Atomic-hydrogen-r2/libs/ViewPagerIndicator/src/com/viewpagerindicator/CirclePageIndicator.java,74-108,20120521214032
internetApps/Atomic/v1.13/Atomic-1.13/libs/ActionBarSherlock/src/com/actionbarsherlock/internal/widget/ScrollingTabContainerView.java,242-255,20130121205832
internetApps/Atomic/v1.14/Atomic-1.14/libs/ViewPagerIndicator/src/com/viewpagerindicator/LinePageIndicator.java,187-266,20120521214032
internetApps/Atomic/v1.14/Atomic-1.14/libs/ViewPagerIndicator/src/com/viewpagerindicator/LinePageIndicator.java,269-283,20120521214032
internetApps/Atomic/v1.14/Atomic-1.14/libs/ViewPagerIndicator/src/com/viewpagerindicator/LinePageIndicator.java,347-365,20120521214032
internetApps/Atomic/v1.14/Atomic-1.14/libs/ViewPagerIndicator/src/com/viewpagerindicator/LinePageIndicator.java,374-391,20120521214032
internetApps/Atomic/v1.14/Atomic-1.14/libs/ViewPagerIndicator/src/com/viewpagerindicator/TitlePageIndicator.java,481-572,20140606011345
internetApps/Atomic/v1.14/Atomic-1.14/libs/ViewPagerIndicator/src/com/viewpagerindicator/TitlePageIndicator.java,643-657,20140606011345
internetApps/Atomic/v1.16/Atomic-1.16/libs/ViewPagerIndicator/src/com/viewpagerindicator/CirclePageIndicator.java,138-149,20120521214032
internetApps/Atomic/v1.16/Atomic-1.16/libs/ViewPagerIndicator/src/com/viewpagerindicator/CirclePageIndicator.java,192-273,20120521214032
internetApps/Atomic/v1.16/Atomic-1.16/libs/ViewPagerIndicator/src/com/viewpagerindicator/CirclePageIndicator.java,275-354,20120521214032
internetApps/Atomic/v1.16/Atomic-1.16/libs/ViewPagerIndicator/src/com/viewpagerindicator/CirclePageIndicator.java,357-370,20120521214032
internetApps/Atomic/v1.16/Atomic-1.16/libs/ViewPagerIndicator/src/com/viewpagerindicator/CirclePageIndicator.java,414-424,20120521214032
internetApps/Atomic/v1.16/Atomic-1.16/libs/ViewPagerIndicator/src/com/viewpagerindicator/CirclePageIndicator.java,452-471,20120521214032
internetApps/Atomic/v1.16/Atomic-1.16/libs/ViewPagerIndicator/src/com/viewpagerindicator/CirclePageIndicator.java,480-497,20120521214032
internetApps/Atomic/v1.16/Atomic-1.16/libs/ViewPagerIndicator/src/com/viewpagerindicator/CirclePageIndicator.java,74-108,20120521214032
internetApps/Atomic/v1.16/Atomic-1.16/libs/ViewPagerIndicator/src/com/viewpagerindicator/TitlePageIndicator.java,484-575,20140606011345
internetApps/Atomic/v1.16/Atomic-1.16/libs/ViewPagerIndicator/src/com/viewpagerindicator/TitlePageIndicator.java,646-660,20140606011345
internetApps/Clover/v1.2.2/Clover-1.2.2/Clover/app/src/main/java/org/floens/chan/ui/view/CustomNetworkImageView.java,160-261,20141019162504
internetApps/Clover/v1.2.3/Clover-1.2.3/Clover/app/src/main/java/org/floens/chan/ui/SwipeDismissListViewTouchListener.java,165-176,20150127194832
internetApps/Clover/v1.2.3/Clover-1.2.3/Clover/app/src/main/java/org/floens/chan/ui/SwipeDismissListViewTouchListener.java,187-317,20150127194832
internetApps/Clover/v1.2.3/Clover-1.2.3/Clover/app/src/main/java/org/floens/chan/ui/SwipeDismissListViewTouchListener.java,319-335,20150127194832
internetApps/Clover/v1.2.3/Clover-1.2.3/Clover/app/src/main/java/org/floens/chan/ui/SwipeDismissListViewTouchListener.java,358-408,20150127194832
internetApps/Clover/v1.2.5/Clover-1.2.5/Clover/app/src/main/java/com/davemorrissey/labs/subscaleview/SubsamplingScaleImageView.java,1108-1118,20141119234533
internetApps/Clover/v1.2.6/Clover-1.2.6/Clover/app/src/main/java/com/android/volley/toolbox/ImageRequest.java,137-182,20140219221807
internetApps/Clover/v1.2.6/no/release/Clover-1.2.6/no/release/Clover/app/src/main/java/org/floens/chan/ui/view/CustomNetworkImageView.java,160-261,20140219221807
internetApps/OpenRedmine/v3.3/OpenRedmine-3.3/Transdroid/src/org/transdroid/daemon/util/FakeSocketFactory.java,64-86,20120530070547
internetApps/PinDroid/v2.3.0/PinDroid-2.3.0/src/com/pindroid/util/SpaceTokenizer.java,31-42,20111116111029
internetApps/PinDroid/v2.3.0/PinDroid-2.3.0/src/com/pindroid/util/SpaceTokenizer.java,44-57,20111116111029
internetApps/PinDroid/v2.3.0/PinDroid-2.3.0/src/com/pindroid/util/SpaceTokenizer.java,59-78,20111116111029
internetApps/QuasselDroid/v0.9.2/QuasselDroid-0.9.2/ActionBarSherlock/src/com/actionbarsherlock/widget/ShareActionProvider.java,161-181,20130519205447
internetApps/QuasselDroid/v0.9.2/QuasselDroid-0.9.2/ActionBarSherlock/src/com/actionbarsherlock/widget/ShareActionProvider.java,195-225,20130519205447
internetApps/QuasselDroid/v0.9.2/QuasselDroid-0.9.2/ActionBarSherlock/src/com/actionbarsherlock/widget/ShareActionProvider.java,292-301,20130519205447
internetApps/QuasselDroid/v0.9.5/QuasselDroid-0.9.5/ActionBarSherlock/src/com/actionbarsherlock/internal/widget/ScrollingTabContainerView.java,242-255,20130519205447
internetApps/SafeSlinger-Android/v1.6.11-messenger/SafeSlinger-Android-1.6.11-messenger/safeslinger/src/edu/cmu/cylab/starslinger/transaction/C2DMBaseReceiver.java,190-205,20140125114655
internetApps/SafeSlinger-Android/v1.6.11-messenger/SafeSlinger-Android-1.6.11-messenger/safeslinger/src/edu/cmu/cylab/starslinger/transaction/C2DMBaseReceiver.java,218-228,20140125114655
internetApps/SafeSlinger-Android/v1.6.13-messenger/SafeSlinger-Android-1.6.13-messenger/safeslinger-messenger/src/edu/cmu/cylab/starslinger/transaction/C2DMBaseReceiver.java,191-206,20150203173429
internetApps/SafeSlinger-Android/v1.6.13-messenger/SafeSlinger-Android-1.6.13-messenger/safeslinger-messenger/src/edu/cmu/cylab/starslinger/transaction/C2DMBaseReceiver.java,219-229,20150203173429
internetApps/SafeSlinger-Android/v1.8.1.1-messenger/SafeSlinger-Android-1.8.1.1-messenger/safeslinger-exchange/src/edu/cmu/cylab/starslinger/exchange/VerifyActivity.java,77-87,20140914144559
internetApps/SafeSlinger-Android/v1.8.1.2-messenger/SafeSlinger-Android-1.8.1.2-messenger/safeslinger-exchange/src/edu/cmu/cylab/starslinger/exchange/VerifyActivity.java,77-87,20140914144559
internetApps/TintBrowser/1.2/TintBrowser-1.2/src/org/tint/ui/tabs/GenericTabListener.java,41-57,20120214190211
internetApps/TintBrowser/1.3/TintBrowser-1.3/src/org/tint/ui/activities/EditBookmarkActivity.java,153-161,20120214190211
internetApps/WalletCordova/0.0.44/WalletCordova-0.0.44/platforms/android/src/org/apache/cordova/file/FileUtils.java,482-493,20140626213103
internetApps/WalletCordova/0.0.44/WalletCordova-0.0.44/platforms/android/src/org/apache/cordova/file/FileUtils.java,617-629,20140626213103
internetApps/WalletCordova/0.0.44/WalletCordova-0.0.44/platforms/android/src/org/apache/cordova/file/FileUtils.java,742-755,20140626213103
internetApps/WalletCordova/0.0.44/WalletCordova-0.0.44/platforms/android/src/org/apache/cordova/file/FileUtils.java,766-778,20140626213103
internetApps/WalletCordova/0.0.44/WalletCordova-0.0.44/platforms/android/src/org/apache/cordova/file/FileUtils.java,789-801,20140626213103
internetApps/WalletCordova/0.0.44/WalletCordova-0.0.44/platforms/android/src/org/apache/cordova/file/FileUtils.java,973-985,20140626213103
internetApps/WalletCordova/0.0.68/WalletCordova-0.0.68/facebook-android-sdk-3.7/samples/SessionLoginSample/src/com/facebook/samples/sessionlogin/LoginUsingActivityActivity.java,39-58,20140328005210
internetApps/WalletCordova/0.0.68/WalletCordova-0.0.68/facebook-android-sdk-3.7/samples/SessionLoginSample/src/com/facebook/samples/sessionlogin/LoginUsingActivityActivity.java,39-59,20140328005210
internetApps/WalletCordova/0.0.68/WalletCordova-0.0.68/facebook-android-sdk-3.7/samples/SessionLoginSample/src/com/facebook/samples/sessionlogin/LoginUsingActivityActivity.java,39-60,20140328005210
internetApps/WalletCordova/0.0.68/WalletCordova-0.0.68/facebook-android-sdk-3.7/samples/SessionLoginSample/src/com/facebook/samples/sessionlogin/LoginUsingActivityActivity.java,39-61,20140328005210
internetApps/WalletCordova/0.0.68/WalletCordova-0.0.68/facebook-android-sdk-3.7/samples/SessionLoginSample/src/com/facebook/samples/sessionlogin/LoginUsingActivityActivity.java,89-109,20140328005210
internetApps/WordPress-Android/2.9-beta-1/WordPress-Android-2.9-beta-1/src/org/wordpress/android/util/LinePageIndicator.java,177-258,20130924141140
internetApps/WordPress-Android/2.9-beta-1/WordPress-Android-2.9-beta-1/src/org/wordpress/android/util/LinePageIndicator.java,261-275,20130924141140
internetApps/WordPress-Android/2.9-beta-1/WordPress-Android-2.9-beta-1/src/org/wordpress/android/util/LinePageIndicator.java,339-357,20130924141140
internetApps/WordPress-Android/2.9-beta-1/WordPress-Android-2.9-beta-1/src/org/wordpress/android/util/LinePageIndicator.java,366-383,20130924141140
internetApps/Yaaic/v1.0/Yaaic-1.0/libs/ViewPagerIndicator/src/com/viewpagerindicator/UnderlinePageIndicator.java,173-252,20120521214032
internetApps/Yaaic/v1.0/Yaaic-1.0/libs/ViewPagerIndicator/src/com/viewpagerindicator/UnderlinePageIndicator.java,328-338,20120521214032
internetApps/android/oc-android-1-3-19/android-oc-android-1-3-19/src/com/owncloud/android/ui/activity/LandingActivity.java,111-125,20120201004328
internetApps/android/oc-android-1-4-0/android-oc-android-1-4-0/src/com/owncloud/android/ui/adapter/FileListListAdapter.java,105-175,20110819223735
internetApps/androidclient/v2.1/androidclient-2.1/src/org/kontalk/util/MessageUtils.java,85-99,20110531171525
internetApps/androidclient/v2.2.1/androidclient-2.2.1/src/org/kontalk/util/MessageUtils.java,168-184,20120918164107
internetApps/androidclient/v2.2.1/androidclient-2.2.1/src/org/kontalk/util/MessageUtils.java,253-267,20110531171525
internetApps/andstatus/AndStatus-1.14.0/andstatus-AndStatus-1.14.0/src/org/andstatus/app/util/AtTokenizer.java,47-58,20130517093832
internetApps/connectbot/git-master-2014-10-18/16-42-52/connectbot-git-master-2014-10-18/16-42-52/src/org/connectbot/util/UberColorPickerDialog.java,647-668,20090623140837
internetApps/connectbot/git-master-2014-10-18/17-55-03/connectbot-git-master-2014-10-18/17-55-03/src/org/connectbot/ConsoleActivity.java,857-867,20121111143306
internetApps/connectbot/git-master-2014-10-18/20-06-09/connectbot-git-master-2014-10-18/20-06-09/src/org/connectbot/ColorsActivity.java,208-228,20090623140837
internetApps/connectbot/git-master-2014-10-18/20-06-09/connectbot-git-master-2014-10-18/20-06-09/src/org/connectbot/ColorsActivity.java,230-250,20090623140837
internetApps/connectbot/stable/connectbot-stable/src/sk/vx/connectbot/ConsoleActivity.java,1152-1162,20121111143306
internetApps/friendica-for-android/master/friendica-for-android-master/libpulltorefresh/src/com/handmark/pulltorefresh/library/PullToRefreshBase.java,862-877,20120614204048
internetApps/frostwire-android/0.9.5/frostwire-android-0.9.5/src/gui/com/frostwire/android/gui/views/ExpandableListFragment.java,180-191,20140316193642
internetApps/frostwire-android/0.9.5/frostwire-android-0.9.5/src/gui/com/frostwire/android/gui/views/ExpandableListFragment.java,233-243,20140316193642
internetApps/frostwire-android/0.9.5/frostwire-android-0.9.5/src/gui/com/frostwire/android/gui/views/ExpandableListFragment.java,281-315,20140316193642
internetApps/frostwire-android/0.9.5/frostwire-android-0.9.5/src/gui/com/frostwire/android/gui/views/ExpandableListFragment.java,324-376,20140316193642
internetApps/frostwire-android/0.9.5/frostwire-android-0.9.5/src/gui/com/frostwire/android/gui/views/ExpandableListFragment.java,91-139,20140316193642
internetApps/frostwire-android/frostwire-1.3.0-build-122/frostwire-android-frostwire-1.3.0-build-122/common/vuze/azureus2/src/org/gudy/azureus2/core3/util/ByteArrayHashMap.java,232-244,20131217105837
internetApps/frostwire-android/frostwire-1.4.4-build-165/frostwire-android-frostwire-1.4.4-build-165/apollo/src/com/viewpagerindicator/IconPageIndicator.java,113-127,20141207135000
internetApps/frostwire-android/frostwire-1.4.4-build-165/frostwire-android-frostwire-1.4.4-build-165/apollo/src/com/viewpagerindicator/IconPageIndicator.java,129-143,20141207135000
internetApps/frostwire-android/frostwire-1.4.4-build-165/frostwire-android-frostwire-1.4.4-build-165/apollo/src/com/viewpagerindicator/IconPageIndicator.java,152-168,20141207135000
internetApps/frostwire-android/frostwire-1.4.4-build-165/frostwire-android-frostwire-1.4.4-build-165/apollo/src/com/viewpagerindicator/IconPageIndicator.java,58-71,20141207135000
internetApps/frostwire-android/frostwire-1.4.4-build-168/frostwire-android-frostwire-1.4.4-build-168/apollo/src/com/viewpagerindicator/TabPageIndicator.java,122-135,20141207135000
internetApps/frostwire-android/frostwire-1.4.4-build-168/frostwire-android-frostwire-1.4.4-build-168/apollo/src/com/viewpagerindicator/TabPageIndicator.java,191-205,20141207135000
internetApps/frostwire-android/frostwire-1.4.4-build-168/frostwire-android-frostwire-1.4.4-build-168/apollo/src/com/viewpagerindicator/TabPageIndicator.java,240-256,20141207135000
internetApps/frostwire-android/frostwire-1.4.4-build-168/frostwire-android-frostwire-1.4.4-build-168/apollo/src/com/viewpagerindicator/TabPageIndicator.java,96-120,20141207135000
internetApps/k-9/3.708/k-9-3.708/src/com/fsck/k9/mail/filter/Hex.java,42-55,20110226173618
internetApps/k-9/4.325/k-9-4.325/plugins/ActionBarSherlock/library/src/com/actionbarsherlock/widget/ShareActionProvider.java,161-181,20121124170333
internetApps/k-9/4.325/k-9-4.325/plugins/ActionBarSherlock/library/src/com/actionbarsherlock/widget/ShareActionProvider.java,195-225,20121124170333
internetApps/k-9/4.325/k-9-4.325/plugins/ActionBarSherlock/library/src/com/actionbarsherlock/widget/ShareActionProvider.java,292-301,20121124170333
internetApps/k-9/4.328/k-9-4.328/plugins/ActionBarSherlock/library/src/com/actionbarsherlock/internal/widget/IcsAdapterView.java,567-589,20121124170333
internetApps/k-9/4.328/k-9-4.328/plugins/ActionBarSherlock/library/src/com/actionbarsherlock/internal/widget/IcsAdapterView.java,677-689,20121124170333
internetApps/k-9/4.328/k-9-4.328/plugins/ActionBarSherlock/library/src/com/actionbarsherlock/internal/widget/IcsAdapterView.java,696-720,20121124170333
internetApps/k-9/4.328/k-9-4.328/plugins/ActionBarSherlock/library/src/com/actionbarsherlock/internal/widget/IcsAdapterView.java,765-781,20121124170333
internetApps/k-9/4.328/k-9-4.328/plugins/ActionBarSherlock/library/src/com/actionbarsherlock/internal/widget/IcsAdapterView.java,784-804,20121124170333
internetApps/k-9/4.328/k-9-4.328/plugins/ActionBarSherlock/library/src/com/actionbarsherlock/internal/widget/IcsAdapterView.java,832-852,20121124170333
internetApps/k-9/4.328/k-9-4.328/plugins/ActionBarSherlock/library/src/com/actionbarsherlock/internal/widget/IcsAdapterView.java,854-866,20121124170333
internetApps/k-9/4.328/k-9-4.328/plugins/ActionBarSherlock/library/src/com/actionbarsherlock/internal/widget/IcsAdapterView.java,879-890,20121124170333
internetApps/k-9/4.328/k-9-4.328/plugins/ActionBarSherlock/library/src/com/actionbarsherlock/internal/widget/IcsAdapterView.java,903-914,20121124170333
internetApps/k-9/4.328/k-9-4.328/plugins/ActionBarSherlock/library/src/com/actionbarsherlock/internal/widget/IcsAdapterView.java,931-992,20121124170333
internetApps/k-9/4.329/k-9-4.329/plugins/ActionBarSherlock/library/src/com/actionbarsherlock/widget/SearchView.java,1181-1193,20121124170333
internetApps/k-9/4.329/k-9-4.329/plugins/ActionBarSherlock/library/src/com/actionbarsherlock/widget/SearchView.java,1466-1493,20121124170333
internetApps/k-9/4.701/k-9-4.701/plugins/ActionBarSherlock/library/src/com/actionbarsherlock/internal/widget/ScrollingTabContainerView.java,242-255,20121124170333
internetApps/k-9/4.900/k-9-4.900/plugins/ActionBarSherlock/library/src/com/actionbarsherlock/internal/widget/IcsAdapterView.java,567-589,20121124170333
internetApps/k-9/4.900/k-9-4.900/plugins/ActionBarSherlock/library/src/com/actionbarsherlock/internal/widget/IcsAdapterView.java,677-689,20121124170333
internetApps/k-9/4.900/k-9-4.900/plugins/ActionBarSherlock/library/src/com/actionbarsherlock/internal/widget/IcsAdapterView.java,696-720,20121124170333
internetApps/k-9/4.900/k-9-4.900/plugins/ActionBarSherlock/library/src/com/actionbarsherlock/internal/widget/IcsAdapterView.java,765-781,20121124170333
internetApps/k-9/4.900/k-9-4.900/plugins/ActionBarSherlock/library/src/com/actionbarsherlock/internal/widget/IcsAdapterView.java,784-804,20121124170333
internetApps/k-9/4.900/k-9-4.900/plugins/ActionBarSherlock/library/src/com/actionbarsherlock/internal/widget/IcsAdapterView.java,832-852,20121124170333
internetApps/k-9/4.900/k-9-4.900/plugins/ActionBarSherlock/library/src/com/actionbarsherlock/internal/widget/IcsAdapterView.java,854-866,20121124170333
internetApps/k-9/4.900/k-9-4.900/plugins/ActionBarSherlock/library/src/com/actionbarsherlock/internal/widget/IcsAdapterView.java,879-890,20121124170333
internetApps/k-9/4.900/k-9-4.900/plugins/ActionBarSherlock/library/src/com/actionbarsherlock/internal/widget/IcsAdapterView.java,903-914,20121124170333
internetApps/k-9/4.900/k-9-4.900/plugins/ActionBarSherlock/library/src/com/actionbarsherlock/internal/widget/IcsAdapterView.java,931-992,20121124170333
internetApps/logmein-android/0.5.2/logmein-android-0.5.2/app/src/main/java/in/shubhamchaudhary/logmein/MainActivity.java,111-124,20140827220607
internetApps/open-keychain/v2.1.1/open-keychain-2.1.1/libraries/ActionBarSherlock/src/com/actionbarsherlock/internal/app/ActionBarImpl.java,319-331,20130909131943
internetApps/reddinator/master/reddinator-master/reddinator/src/main/java/au/com/wallaceit/reddinator/ViewRedditActivity.java,411-427,20130403011551
internetApps/reddinator/master/reddinator-master/reddinator/src/main/java/au/com/wallaceit/reddinator/ViewRedditActivity.java,434-457,20130403011551
internetApps/transdroid/v2.0-alpha3/transdroid-2.0-alpha3/external/JakeWharton-ActionBarSherlock/library/src/com/actionbarsherlock/widget/ShareActionProvider.java,161-181,20130227124824
internetApps/transdroid/v2.0-alpha3/transdroid-2.0-alpha3/external/JakeWharton-ActionBarSherlock/library/src/com/actionbarsherlock/widget/ShareActionProvider.java,195-225,20130227124824
internetApps/transdroid/v2.0-alpha3/transdroid-2.0-alpha3/external/JakeWharton-ActionBarSherlock/library/src/com/actionbarsherlock/widget/ShareActionProvider.java,292-301,20130227124824
internetApps/transdroid/v2.1.2/transdroid-2.1.2/external/JakeWharton-ActionBarSherlock/library/src/com/actionbarsherlock/internal/widget/ScrollingTabContainerView.java,242-256,20130724151206
internetApps/transdroid/v2.1.4/transdroid-2.1.4/external/JakeWharton-ActionBarSherlock/library/src/com/actionbarsherlock/internal/widget/ActionBarView.java,534-547,20111215124857
multimediaApps/Android-Remote/master/Android-Remote-master/app/src/de/qspool/clementineremote/utils/Security.java,102-123,20141030163014
multimediaApps/Android-Remote/master/Android-Remote-master/app/src/de/qspool/clementineremote/utils/Security.java,77-91,20141030163014
multimediaApps/Android-Remote/v8.4/Android-Remote-8.4/src/de/qspool/clementineremote/utils/IabHelper.java,204-281,20131025170547
multimediaApps/Android-Remote/v8.4/Android-Remote-8.4/src/de/qspool/clementineremote/utils/IabHelper.java,371-424,20131025170547
multimediaApps/Android-Remote/v8.4/Android-Remote-8.4/src/de/qspool/clementineremote/utils/IabHelper.java,607-638,20131025170547
multimediaApps/DroidUPnP/v2.0.0a2/DroidUPnP-2.0.0a2/src/main/java/org/droidupnp/DrawerFragment.java,100-166,20140125010739
multimediaApps/DroidUPnP/v2.0.0a2/DroidUPnP-2.0.0a2/src/main/java/org/droidupnp/DrawerFragment.java,132-148,20140125010739
multimediaApps/DroidUPnP/v2.2.1/DroidUPnP-2.2.1/src/main/java/org/droidupnp/DrawerFragment.java,126-142,20140125010739
multimediaApps/DroidUPnP/v2.2.1/DroidUPnP-2.2.1/src/main/java/org/droidupnp/DrawerFragment.java,95-160,20140125010739
multimediaApps/OpenWatch-Android/v2.4/OpenWatch-Android-2.4/app/OpenWatch/src/org/ale/openwatch/OWTagArrayAdapter.java,172-181,20121227193202
multimediaApps/OpenWatch-Android/v2.4/OpenWatch-Android-2.4/app/OpenWatch/src/org/ale/openwatch/OWTagArrayAdapter.java,188-197,20121227193202
multimediaApps/OpenWatch-Android/v2.4/OpenWatch-Android-2.4/app/OpenWatch/src/org/ale/openwatch/OWTagArrayAdapter.java,204-213,20121227193202
multimediaApps/OpenWatch-Android/v2.4/OpenWatch-Android-2.4/app/OpenWatch/src/org/ale/openwatch/OWTagArrayAdapter.java,221-230,20121227193202
multimediaApps/OpenWatch-Android/v2.4/OpenWatch-Android-2.4/app/OpenWatch/src/org/ale/openwatch/OWTagArrayAdapter.java,237-246,20121227193202
multimediaApps/OpenWatch-Android/v2.4/OpenWatch-Android-2.4/app/OpenWatch/src/org/ale/openwatch/OWTagArrayAdapter.java,251-260,20121227193202
multimediaApps/OpenWatch-Android/v2.4/OpenWatch-Android-2.4/app/OpenWatch/src/org/ale/openwatch/OWTagArrayAdapter.java,268-277,20121227193202
multimediaApps/OpenWatch-Android/v2.4/OpenWatch-Android-2.4/app/OpenWatch/src/org/ale/openwatch/OWTagArrayAdapter.java,363-394,20121227193202
multimediaApps/OpenWatch-Android/v2.4/OpenWatch-Android-2.4/app/OpenWatch/src/org/ale/openwatch/OWTagArrayAdapter.java,447-500,20121227193202
multimediaApps/Pixelesque/master/Pixelesque-master/src/com/rj/pixelesque/ColorPickerDialog.java,117-138,20110915011358
multimediaApps/Pixelesque/master/Pixelesque-master/src/com/rj/pixelesque/ColorPickerDialog.java,140-163,20110915011358
multimediaApps/Pixelesque/master/Pixelesque-master/src/com/rj/pixelesque/ColorPickerDialog.java,168-209,20110915011358
multimediaApps/Pixelesque/master/Pixelesque-master/src/com/rj/pixelesque/ColorPickerDialog.java,222-233,20110915011358
multimediaApps/Pixelesque/master/Pixelesque-master/src/com/rj/pixelesque/ColorPickerDialog.java,42-59,20110915011358
multimediaApps/Pixelesque/master/Pixelesque-master/src/com/rj/pixelesque/ColorPickerDialog.java,65-89,20110915011358
multimediaApps/Subsonic/3.8.7/Subsonic-3.8.7/subsonic-android/src/github/daneren2005/dsub/util/Util.java,237-261,20130609220426
multimediaApps/Subsonic/3.8.7/Subsonic-3.8.7/subsonic-android/src/github/daneren2005/dsub/util/Util.java,308-318,20130609220426
multimediaApps/Subsonic/4.8.2/Subsonic-4.8.2/src/github/daneren2005/dsub/util/Util.java,571-581,20150407081132
multimediaApps/Subsonic/4.8.2/Subsonic-4.8.2/src/github/daneren2005/dsub/util/Util.java,854-875,20131227181613
multimediaApps/Subsonic/4.8.2/Subsonic-4.8.2/src/github/daneren2005/dsub/util/Util.java,890-940,20140722070039
multimediaApps/android/packages/apps/Camera2/cm-12.0/android/packages/apps/Camera2-cm-12.0/src/com/android/camera/ui/DetailsDialog.java,234-244,20130814162318
multimediaApps/dmix/1/03/1/dmix-1/03/1/ActionBarSherlock/src/com/actionbarsherlock/widget/ShareActionProvider.java,161-181,20120703175703
multimediaApps/dmix/1/03/1/dmix-1/03/1/ActionBarSherlock/src/com/actionbarsherlock/widget/ShareActionProvider.java,195-225,20120703175703
multimediaApps/dmix/1/03/1/dmix-1/03/1/ActionBarSherlock/src/com/actionbarsherlock/widget/ShareActionProvider.java,292-301,20120703175703
multimediaApps/dmix/1/07/2/final/dmix-1/07/2/final/MPDroid/src/main/java/com/namelessdev/mpdroid/tools/Tools.java,39-61,20130212201947
multimediaApps/sls/v1.4.8/sls-1.4.8/src/com/adam/aslfms/widget/OnOffAppWidgetConfigure.java,49-75,20120206220829
multimediaApps/speedofsound/0.8.1/speedofsound-0.8.1/actionbarsherlock/src/com/actionbarsherlock/internal/app/ActionBarImpl.java,314-326,20120531210527
multimediaApps/vanilla/0.9.20/vanilla-0.9.20/src/ch/blinkenlights/android/vanilla/MediaAdapter.java,463-512,20100215095110
multimediaApps/vanilla/0.9.20/vanilla-0.9.20/src/ch/blinkenlights/android/vanilla/MediaAdapter.java,585-596,20120129210754
navigationApps/Androzic/1.2.3/Androzic-1.2.3/src/com/androzic/ui/ColorPickerView.java,124-145,20120113222703
navigationApps/Androzic/1.2.3/Androzic-1.2.3/src/com/androzic/ui/ColorPickerView.java,200-221,20120113222703
navigationApps/Androzic/1.2.3/Androzic-1.2.3/src/com/androzic/ui/ColorPickerView.java,56-84,20120113222703
navigationApps/OpenBikeSharing/v1.3/OpenBikeSharing-1.3/app/src/main/java/be/brunoparmentier/openbikesharing/app/ui/MapActivity.java,213-227,20140824190048
navigationApps/OpenBikeSharing/v1.3/OpenBikeSharing-1.3/app/src/main/java/be/brunoparmentier/openbikesharing/app/ui/MapActivity.java,236-252,20150217125528
navigationApps/ShowMeHills/v0.2/ShowMeHills-0.2/src/com/showmehills/HillDatabase.java,54-66,20120417145221
navigationApps/ShowMeHills/v0.2/ShowMeHills-0.2/src/com/showmehills/HillDatabase.java,68-82,20120515222355
navigationApps/ShowMeHills/v0.2/ShowMeHills-0.2/src/com/showmehills/HillDatabase.java,84-97,20120515222355
navigationApps/TransportsRennes/1.3.0/TransportsRennes-1.3.0/TransportsRennes/src/fr/ybo/transportsrennes/adapters/TwitterAdapter.java,49-62,20110109181412
navigationApps/TransportsRennes/1.5.0/TransportsRennes-1.5.0/TransportsRennes/src/com/google/code/geocoder/model/GeocoderResult.java,61-76,20110218143014
navigationApps/TransportsRennes/1.5.1/TransportsRennes-1.5.1/TransportsRennes/src/com/google/code/geocoder/model/GeocodeResponse.java,43-55,20110218143014
navigationApps/TransportsRennes/1.5.4/TransportsRennes-1.5.4/TransportsRennesServer/test/com/google/code/geocoder/model/GeocoderGeometry.java,51-64,20110215235316
navigationApps/gpslogger/v49/gpslogger-49/gpslogger/src/main/java/com/mendhak/gpslogger/NavigationDrawerFragment.java,233-244,20140421114912
navigationApps/gpslogger/v53/gpslogger-53/gpslogger/src/main/java/com/mendhak/gpslogger/senders/ftp/AutoFtpActivity.java,53-64,20140412182018
officeApps/AndroidCaldavSyncAdapater/v1.5/AndroidCaldavSyncAdapater-1.5/CalDAVSyncAdapter/src/org/gege/caldavsyncadapter/caldav/EasyX509TrustManager.java,46-58,20130315232125
officeApps/DroidBeard/v1.3.1/DroidBeard-1.3.1/app/src/main/java/com/rastating/droidbeard/fragments/NavigationDrawerFragment.java,169-234,20140810000959
officeApps/DroidBeard/v1.3.1/DroidBeard-1.3.1/app/src/main/java/com/rastating/droidbeard/fragments/NavigationDrawerFragment.java,201-216,20140810000959
officeApps/DroidBeard/v1.3.1/DroidBeard-1.3.1/app/src/main/java/com/rastating/droidbeard/fragments/NavigationDrawerFragment.java,236-247,20140810000959
officeApps/MyExpenses/r108/MyExpenses-r108/src/org/totschnig/myexpenses/dialog/ProgressDialogFragment.java,38-63,20130802020200
officeApps/MyExpenses/r112/MyExpenses-r112/src/org/totschnig/myexpenses/util/Utils.java,381-398,20130423100848
officeApps/MyExpenses/r67/MyExpenses-r67/src/org/totschnig/myexpenses/dialog/ProgressDialogFragment.java,38-59,20130802020200
officeApps/MyExpenses/r86/MyExpenses-r86/src/org/totschnig/myexpenses/util/Utils.java,349-366,20130423100848
officeApps/SimpleExplorer/v2.1/SimpleExplorer-2.1/src/com/dnielfe/manager/utils/Bookmarks.java,106-120,20140405144554
officeApps/SimpleExplorer/v2.1/SimpleExplorer-2.1/src/com/dnielfe/manager/utils/Bookmarks.java,147-171,20140405144554
officeApps/SimpleExplorer/v2.1/SimpleExplorer-2.1/src/com/dnielfe/manager/utils/Bookmarks.java,75-98,20140405144554
officeApps/SmartReceiptsLibrary/v3.3.2/SmartReceiptsLibrary-3.3.2/AndroidCamera/src/wb/android/google/camera/PhotoModule.java,2255-2270,20140523085231
officeApps/SmartReceiptsLibrary/v3.3.2/SmartReceiptsLibrary-3.3.2/AndroidCamera/src/wb/android/google/camera/PhotoModule.java,967-977,20140523085231
officeApps/Tacere/2.1.0-beta-4/Tacere-2.1.0-beta-4/tacere/src/main/java/org/ciasaboark/tacere/activity/SettingsActivity.java,347-367,20140821180434
officeApps/android-bankdroid/v1.9.6.3/android-bankdroid-1.9.6.3/src/net/margaritov/preference/colorpicker/ColorPickerPreference.java,142-152,20111231162247
officeApps/bitcoin-wallet/v4.10/bitcoin-wallet-4.10/wallet/src/de/schildbach/wallet/ui/WalletActivity.java,144-159,20140328093611
officeApps/coinbase-android/release-1.1/coinbase-android-release-1.1/library-actionbarsherlock/library/src/com/actionbarsherlock/internal/widget/ActionBarView.java,617-628,20130303185641
officeApps/gnucash-android/v1.0.2/gnucash-android-1.0.2/com/actionbarsherlock/src/com/actionbarsherlock/widget/SuggestionsAdapter.java,171-199,20121029010255
officeApps/gnucash-android/v1.1.1/gnucash-android-1.1.1/com/actionbarsherlock/src/com/actionbarsherlock/widget/c.java,161-181,20120513212710
officeApps/gnucash-android/v1.1.1/gnucash-android-1.1.1/com/actionbarsherlock/src/com/actionbarsherlock/widget/ShareActionProvider.java,195-225,20120513212710
officeApps/gnucash-android/v1.1.1/gnucash-android-1.1.1/com/actionbarsherlock/src/com/actionbarsherlock/widget/ShareActionProvider.java,292-301,20120513212710
officeApps/gnucash-android/v1.2.0.rc/gnucash-android-1.2.0.rc/app/src/org/gnucash/android/ui/accounts/AccountsListFragment.java,133-148,20140206155852
officeApps/gnucash-android/v1.3.0.beta2/gnucash-android-1.3.0.beta2/app/src/org/gnucash/android/export/ExporterTask.java,279-295,20140725182431
officeApps/mirakel-android/v2.2/mirakel-android-2.2/src/org/sufficientlysecure/donations/google/util/IabHelper.java,203-278,20140221193738
officeApps/mirakel-android/v2.2/mirakel-android-2.2/src/org/sufficientlysecure/donations/google/util/IabHelper.java,368-421,20140313172012
officeApps/mirakel-android/v2.2/mirakel-android-2.2/src/org/sufficientlysecure/donations/google/util/IabHelper.java,604-635,20140313172012
officeApps/mirakel-android/v2.6/mirakel-android-2.6/donationslib/src/org/sufficientlysecure/donations/google/util/IabHelper.java,694-725,20140702231445
officeApps/mirakel-android/v2.7-beta2/mirakel-android-2.7-beta2/donationslib/src/org/sufficientlysecure/donations/google/util/Security.java,115-137,20140313172012
officeApps/mirakel-android/v2.8-beta2/mirakel-android-2.8-beta2/donationslib/src/org/sufficientlysecure/donations/google/util/Security.java,115-137,20140313172012
officeApps/mirakel-android/v2.8.1/mirakel-android-2.8.1/donationslib/src/org/sufficientlysecure/donations/google/util/IabHelper.java,695-726,20140221193738
officeApps/moneybalance/master/moneybalance-master/src/ivl/android/moneybalance/CalculationListActivity.java,155-166,20120908095326
officeApps/scrumchatter/scrumchatter-1.0.8/scrumchatter-scrumchatter-1.0.8/src/ca/rmen/android/scrumchatter/main/MainActivity.java,383-392,20130626002112
officeApps/scrumchatter/scrumchatter-1.0.8/scrumchatter-scrumchatter-1.0.8/src/ca/rmen/android/scrumchatter/main/MainActivity.java,90-133,20130609214825
officeApps/tasks/2.14.1/tasks-2.14.1/astrid/src-legacy/com/mdt/rtm/Invoker.java,269-283,20090603014536
officeApps/tasks/3.0.4/tasks-3.0.4/astrid/plugin-src/com/todoroo/astrid/rmilk/api/Invoker.java,283-297,20090603014536
officeApps/tasks/3.0.6/tasks-3.0.6/astrid/plugin-src/com/todoroo/astrid/rmilk/api/Invoker.java,283-297,20090603014536
officeApps/tasks/4.0.1/tasks-4.0.1/actionbarsherlock/samples/demos/src/com/actionbarsherlock/sample/demos/app/FragmentStatePagerSupport.java,48-70,20111214023005
officeApps/tasks/4.0.1/tasks-4.0.1/actionbarsherlock/samples/demos/src/com/actionbarsherlock/sample/demos/app/FragmentTabsPager.java,43-74,20111214023005
officeApps/tasks/4.1.3.1/tasks-4.1.3.1/actionbarsherlock/library/src/android/support/v4/app/FragmentStatePagerAdapter.java,142-153,20111221004814
officeApps/tasks/4.1.3/tasks-4.1.3/viewPagerIndicator/library/src/com/viewpagerindicator/TitlePageIndicator.java,462-553,20120110181443
officeApps/tasks/4.1.3/tasks-4.1.3/viewPagerIndicator/library/src/com/viewpagerindicator/TitlePageIndicator.java,624-636,20120110181443
officeApps/tasks/4.2.0/tasks-4.2.0/actionbarsherlock/library/src/android/support/v4/app/FragmentManager.java,1536-1550,20111221004814
officeApps/tasks/4.2.0/tasks-4.2.0/actionbarsherlock/library/src/android/support/v4/app/FragmentManager.java,523-538,20111221004814
officeApps/tasks/4.2.0/tasks-4.2.0/actionbarsherlock/plugins/maps/src/android/support/v4/app/FragmentMapActivity.java,486-506,20111221004814
officeApps/tasks/4.2.0/tasks-4.2.0/actionbarsherlock/plugins/maps/src/android/support/v4/app/FragmentMapActivity.java,532-551,20111221004814
officeApps/tasks/4.2.0/tasks-4.2.0/actionbarsherlock/plugins/maps/src/android/support/v4/app/FragmentMapActivity.java,780-795,20111221004814
officeApps/tasks/4.2.0/tasks-4.2.0/actionbarsherlock/plugins/maps/src/android/support/v4/app/FragmentMapActivity.java,798-813,20111221004814
officeApps/tasks/4.2.2/tasks-4.2.2/greendroid/GreenDroid/src/greendroid/widget/AsyncImageView.java,125-146,20110525224335
officeApps/tasks/4.3.0/tasks-4.3.0/actionbarsherlock/samples/demos/src/com/actionbarsherlock/sample/demos/app/FragmentStatePagerSupport.java,48-70,20111214023005
officeApps/tasks/4.3.0/tasks-4.3.0/actionbarsherlock/samples/demos/src/com/actionbarsherlock/sample/demos/app/FragmentTabs.java,124-142,20111214023005
officeApps/tasks/4.3.0/tasks-4.3.0/actionbarsherlock/samples/demos/src/com/actionbarsherlock/sample/demos/app/FragmentTabs.java,145-168,20111214023005
officeApps/tasks/4.3.0/tasks-4.3.0/actionbarsherlock/samples/demos/src/com/actionbarsherlock/sample/demos/app/FragmentTabs.java,41-62,20111214023005
officeApps/tasks/4.3.0/tasks-4.3.0/astrid/rmilk-src/org/weloveastrid/rmilk/api/Invoker.java,284-298,20100912201427
officeApps/tasks/4.3.1/tasks-4.3.1/actionbarsherlock/samples/demos/src/com/actionbarsherlock/sample/demos/app/FragmentTabsPager.java,43-74,20111214023005
officeApps/tasks/4.3.1/tasks-4.3.1/astrid/rmilk-src/org/weloveastrid/rmilk/api/Invoker.java,284-298,20100912201427
officeApps/tasks/4.3.4.2/tasks-4.3.4.2/actionbarsherlock/library/src/android/support/v4/app/BackStackRecord.java,345-370,20111221004814
officeApps/tasks/4.4.1/tasks-4.4.1/actionbarsherlock/samples/demos/src/com/actionbarsherlock/sample/demos/app/FragmentRetainInstanceSupport.java,59-72,20111214023005
officeApps/tasks/4.4.1/tasks-4.4.1/actionbarsherlock/samples/demos/src/com/actionbarsherlock/sample/demos/app/FragmentRetainInstanceSupport.java,75-90,20111214023005
officeApps/tasks/4.4.3/tasks-4.4.3/actionbarsherlock/samples/demos/src/com/actionbarsherlock/sample/demos/app/FragmentAlertDialogSupport.java,86-107,20111214023005
officeApps/tasks/4.4.4.1/tasks-4.4.4.1/actionbarsherlock/samples/demos/src/com/actionbarsherlock/sample/demos/app/FragmentTabs.java,124-142,20111214023005
officeApps/tasks/4.4.4.1/tasks-4.4.4.1/actionbarsherlock/samples/demos/src/com/actionbarsherlock/sample/demos/app/FragmentTabs.java,145-168,20111214023005
officeApps/tasks/4.4.4.1/tasks-4.4.4.1/actionbarsherlock/samples/demos/src/com/actionbarsherlock/sample/demos/app/FragmentTabs.java,41-62,20111214023005
officeApps/tasks/4.5.2/tasks-4.5.2/actionbarsherlock/library/src/android/support/v4/app/FragmentPagerAdapter.java,119-132,20111214023005
officeApps/tasks/4.5.2/tasks-4.5.2/actionbarsherlock/library/src/android/support/v4/app/FragmentPagerAdapter.java,83-106,20111221004814
officeApps/tasks/4.5.3/tasks-4.5.3/actionbarsherlock/samples/demos/src/com/actionbarsherlock/sample/demos/app/LoaderCursorSupport.java,126-147,20111214023005
officeApps/tasks/4.6.0/tasks-4.6.0/actionbarsherlock/library/src/com/actionbarsherlock/internal/app/ActionBarImpl.java,314-326,20130227115807
officeApps/tasks/4.6.5/tasks-4.6.5/actionbarsherlock/samples/fragments/src/com/actionbarsherlock/sample/fragments/FragmentTabsPager.java,42-66,20130227115807
officeApps/tasks/4.6.7/tasks-4.6.7/viewPagerIndicator/library/src/com/viewpagerindicator/TabPageIndicator.java,159-170,20120117173511
officeApps/tasks/4.6.7/tasks-4.6.7/viewPagerIndicator/library/src/com/viewpagerindicator/TabPageIndicator.java,172-184,20120117173511
officeApps/tasks/4.6.7/tasks-4.6.7/viewPagerIndicator/library/src/com/viewpagerindicator/TabPageIndicator.java,193-207,20120117173511
officeApps/tasks/4.6.7/tasks-4.6.7/viewPagerIndicator/library/src/com/viewpagerindicator/TabPageIndicator.java,69-93,20120117173511
officeApps/tasks/4.6.7/tasks-4.6.7/viewPagerIndicator/library/src/com/viewpagerindicator/TabPageIndicator.java,95-108,20120117173511
officeApps/tasks/lite-0.5.0/tasks-lite-0.5.0/actionbarsherlock/library/src/android/support/v4/app/FragmentActivity.java,485-505,20111221004814
officeApps/tasks/lite-0.5.0/tasks-lite-0.5.0/actionbarsherlock/library/src/android/support/v4/app/FragmentActivity.java,531-550,20111221004814
officeApps/tasks/lite-0.5.0/tasks-lite-0.5.0/actionbarsherlock/library/src/android/support/v4/app/FragmentActivity.java,779-794,20111221004814
officeApps/tasks/lite-0.5.0/tasks-lite-0.5.0/actionbarsherlock/library/src/android/support/v4/app/FragmentActivity.java,797-812,20111221004814
officeApps/tasks/lite-0.5.1/tasks-lite-0.5.1/actionbarsherlock/library/src/android/support/v4/app/Fragment.java,783-793,20111221004814
officeApps/worldclockwidget/1.4.4/worldclockwidget-1.4.4/actionbarsherlock/library/src/com/actionbarsherlock/internal/widget/ActionBarView.java,617-630,20130519121819
officeApps/worldclockwidget/1.4.7/worldclockwidget-1.4.7/actionbarsherlock/library/src/com/actionbarsherlock/widget/ShareActionProvider.java,161-181,20120624162806
officeApps/worldclockwidget/1.4.7/worldclockwidget-1.4.7/actionbarsherlock/library/src/com/actionbarsherlock/widget/ShareActionProvider.java,195-225,20120624162806
officeApps/worldclockwidget/1.4.7/worldclockwidget-1.4.7/actionbarsherlock/library/src/com/actionbarsherlock/widget/ShareActionProvider.java,292-301,20120624162806
readingApps/Book-Catalogue/v4.0.1/Book-Catalogue-4.0.1/src/com/eleybourn/bookcatalogue/database/GenericOpenHelper.java,111-175,20120121004102
readingApps/Book-Catalogue/v5.0.5-release/Book-Catalogue-5.0.5-release/src/com/eleybourn/bookcatalogue/database/GenericOpenHelper.java,111-175,20120121004102
readingApps/Book-Catalogue/v5.1.0-beta5/Book-Catalogue-5.1.0-beta5/src/com/eleybourn/bookcatalogue/database/GenericOpenHelper.java,111-175,20120121004102
readingApps/FBReaderJ/0.99.0/FBReaderJ-0.99.0/src/org/geometerplus/zlibrary/core/util/ZLColor.java,47-58,20080412153653
readingApps/FBReaderJ/1.0.8/FBReaderJ-1.0.8/src/org/geometerplus/fbreader/network/atom/ATOMId.java,27-36,20150228151159
readingApps/FBReaderJ/1.10.0.3/FBReaderJ-1.10.0.3/src/org/geometerplus/zlibrary/core/image/ZLSingleImage.java,40-77,20130103044127
readingApps/FBReaderJ/1.10.2-kindlefire/FBReaderJ-1.10.2-kindlefire/src/org/geometerplus/fbreader/network/atom/ATOMId.java,36-45,20150228151159
readingApps/FBReaderJ/1.3.3/FBReaderJ-1.3.3/src/org/geometerplus/zlibrary/core/util/ZLColor.java,47-58,20080412153653
readingApps/FBReaderJ/1.3.6/FBReaderJ-1.3.6/src/org/geometerplus/zlibrary/core/util/ZLColor.java,47-58,20080412153653
readingApps/FBReaderJ/1.7.5-ics/FBReaderJ-1.7.5-ics/src/org/geometerplus/fbreader/network/atom/ATOMId.java,36-45,20150228151159
readingApps/FBReaderJ/1.9.6.1/FBReaderJ-1.9.6.1/src/org/geometerplus/zlibrary/core/image/ZLSingleImage.java,40-77,20130103044127
readingApps/FBReaderJ/2.0beta11/FBReaderJ-2.0beta11/src/org/geometerplus/fbreader/fbreader/TapZoneMap.java,182-193,20150531043741
readingApps/FBReaderJ/2.0beta13-ics/FBReaderJ-2.0beta13-ics/src/org/geometerplus/fbreader/fbreader/TapZoneMap.java,182-193,20150531043741
readingApps/FBReaderJ/2.0beta6/FBReaderJ-2.0beta6/src/org/geometerplus/zlibrary/core/util/ZLColor.java,47-58,20080412153653
readingApps/FBReaderJ/2.1.6/FBReaderJ-2.1.6/src/org/geometerplus/fbreader/network/atom/ATOMId.java,36-45,20150228151159
readingApps/FBReaderJ/2.1.7-ics/FBReaderJ-2.1.7-ics/src/org/geometerplus/fbreader/fbreader/TapZoneMap.java,182-193,20150531043741
readingApps/FBReaderJ/2.2.2-kindlefire/FBReaderJ-2.2.2-kindlefire/src/org/geometerplus/fbreader/fbreader/TapZoneMap.java,182-193,20150531043741
readingApps/FBReaderJ/2.2beta3-ics/FBReaderJ-2.2beta3-ics/src/org/geometerplus/fbreader/fbreader/TapZoneMap.java,182-193,20150531043741
readingApps/FBReaderJ/2.2beta4/FBReaderJ-2.2beta4/src/org/geometerplus/fbreader/network/atom/ATOMId.java,36-45,20150228151159
readingApps/PageTurner/2.0.1/PageTurner-2.0.1/src/net/nightwhistler/pageturner/epub/PageTurnerSpine.java,258-270,20120505151034
readingApps/PageTurner/2.0/PageTurner-2.0/src/net/nightwhistler/pageturner/activity/ReadingFragment.java,1499-1512,20111204171650
readingApps/PageTurner/2.1.0/PageTurner-2.1.0/src/net/nightwhistler/pageturner/ssl/EasySSLSocketFactory.java,69-89,20130426162141
readingApps/PageTurner/2.1.2/PageTurner-2.1.2/src/net/nightwhistler/pageturner/ssl/EasySSLSocketFactory.java,69-89,20130426162141
readingApps/PageTurner/2.2.4/PageTurner-2.2.4/src/net/nightwhistler/pageturner/activity/ReadingFragment.java,2683-2696,20141024142305
readingApps/SubtleNews/Android/App/stable/SubtleNews/Android/App-stable/app/src/main/java/in/ac/dtu/subtlenews/InstapaperViewer.java,138-167,20131212155646
readingApps/opacclient/2.0.25/opacclient-2.0.25/src/org/apmem/tools/layouts/FlowLayout.java,250-264,20140317170825
readingApps/opacclient/2.0.25/opacclient-2.0.25/src/org/apmem/tools/layouts/FlowLayout.java,266-324,20140317170825
readingApps/opacclient/2.0.25/opacclient-2.0.25/src/org/apmem/tools/layouts/FlowLayout.java,369-388,20140317170825
readingApps/opacclient/2.0.25/opacclient-2.0.25/src/org/apmem/tools/layouts/FlowLayout.java,69-189,20140317170825
readingApps/opacclient/3.0.11/opacclient-3.0.11/src/de/geeksfactory/opacclient/barcode/BarcodeScanIntegrator.java,174-203,20141009095822
readingApps/opacclient/3.0.11/opacclient-3.0.11/src/de/geeksfactory/opacclient/barcode/BarcodeScanIntegrator.java,205-221,20141009095822
readingApps/reader/1.1.1/reader-1.1.1/reader-android/src/com/viewpagerindicator/TabPageIndicator.java,121-134,20130617204114
readingApps/reader/1.1.1/reader-1.1.1/reader-android/src/com/viewpagerindicator/TabPageIndicator.java,190-204,20130617204114
readingApps/reader/1.1.1/reader-1.1.1/reader-android/src/com/viewpagerindicator/TabPageIndicator.java,239-255,20130617204114
readingApps/reader/1.1.1/reader-1.1.1/reader-android/src/com/viewpagerindicator/TabPageIndicator.java,95-119,20130617204114
readingApps/reader/1.1/reader-1.1/reader-android/src/com/viewpagerindicator/UnderlinePageIndicator.java,185-266,20130617204114
readingApps/reader/1.1/reader-1.1/reader-android/src/com/viewpagerindicator/UnderlinePageIndicator.java,355-365,20130728215614
securityApps/afwall/1.1.9/afwall-1.1.9/src/net/margaritov/preference/colorpicker/ColorPickerPreference.java,152-162,20130512123837
securityApps/afwall/v1.2.5.1/afwall-1.2.5.1/src/net/saik0/android/unifiedpreference/UnifiedPreferenceUtils.java,47-97,20130228221506
systemApps/AcDisplay/2.1.3/AcDisplay-2.1.3/project/ActiveDisplay/src/main/java/com/achep/activedisplay/view/SwipeDismissTouchListener.java,103-113,20140407180631
systemApps/AcDisplay/2.1.3/AcDisplay-2.1.3/project/ActiveDisplay/src/main/java/com/achep/activedisplay/view/SwipeDismissTouchListener.java,116-241,20140407180631
systemApps/AcDisplay/3.0.5/AcDisplay-3.0.5/project/app/src/main/java/com/achep/acdisplay/utils/BitmapUtils.java,47-284,20150113231403
systemApps/AlarmClock/android-4.0.1/r1/AlarmClock-android-4.0.1/r1/src/com/android/deskclock/Alarms.java,569-592,20081021070000
systemApps/AlarmClock/android-sdk-4.4.2/r1/AlarmClock-android-sdk-4.4.2/r1/src/com/android/deskclock/AlarmClockFragment.java,1356-1368,20081021070000
systemApps/AlarmClock/android-sdk-4.4.2/r1/AlarmClock-android-sdk-4.4.2/r1/src/com/android/deskclock/DeskClock.java,115-126,20100112151911
systemApps/AlarmClock/android-sdk-4.4.2/r1/AlarmClock-android-sdk-4.4.2/r1/src/com/android/deskclock/DeskClock.java,161-183,20100112151911
systemApps/AlarmClock/android-sdk-4.4.2/r1/AlarmClock-android-sdk-4.4.2/r1/src/com/android/deskclock/DeskClock.java,186-203,20100112151911
systemApps/AlarmClock/android-sdk-4.4.2/r1/AlarmClock-android-sdk-4.4.2/r1/src/com/android/deskclock/DeskClock.java,206-218,20100112151911
systemApps/AlarmClock/android-sdk-4.4.2/r1/AlarmClock-android-sdk-4.4.2/r1/src/com/android/deskclock/DeskClock.java,289-310,20100119225037
systemApps/AlarmClock/android-sdk-4.4.2/r1/AlarmClock-android-sdk-4.4.2/r1/src/com/android/deskclock/DeskClock.java,315-326,20100108143741
systemApps/AlarmClock/android-sdk-4.4.2/r1/AlarmClock-android-sdk-4.4.2/r1/src/com/android/deskclock/DeskClock.java,483-499,20100112151911
systemApps/AlarmClock/android-sdk-4.4.2/r1/AlarmClock-android-sdk-4.4.2/r1/src/com/android/deskclock/DeskClock.java,518-554,20100114150431
systemApps/AlarmClock/android-sdk-4.4.2/r1/AlarmClock-android-sdk-4.4.2/r1/src/com/android/deskclock/DeskClock.java,98-113,20100112151911
systemApps/Android-Terminal-Emulator/v1.0.47/Android-Terminal-Emulator-1.0.47/src/jackpal/androidterm/Term.java,123-136,20120121032719
systemApps/Android-Terminal-Emulator/v1.0.47/Android-Terminal-Emulator-1.0.47/src/jackpal/androidterm/Term.java,223-239,20140818233834
systemApps/Android-Terminal-Emulator/v1.0.47/Android-Terminal-Emulator-1.0.47/src/jackpal/androidterm/Term.java,324-344,20120121032719
systemApps/Android-Terminal-Emulator/v1.0.47/Android-Terminal-Emulator-1.0.47/src/jackpal/androidterm/Term.java,346-379,20140818233834
systemApps/Android-Terminal-Emulator/v1.0.47/Android-Terminal-Emulator-1.0.47/src/jackpal/androidterm/Term.java,407-422,20140818233834
systemApps/Android-Terminal-Emulator/v1.0.47/Android-Terminal-Emulator-1.0.47/src/jackpal/androidterm/Term.java,646-660,20140818233834
systemApps/Android-Terminal-Emulator/v1.0.47/Android-Terminal-Emulator-1.0.47/src/jackpal/androidterm/Term.java,703-724,20140818233834
systemApps/Android-Terminal-Emulator/v1.0.47/Android-Terminal-Emulator-1.0.47/src/jackpal/androidterm/Term.java,727-758,20140818233834
systemApps/Android-Terminal-Emulator/v1.0.47/Android-Terminal-Emulator-1.0.47/src/jackpal/androidterm/Term.java,778-790,20140818233834
systemApps/Android-Terminal-Emulator/v1.0.47/Android-Terminal-Emulator-1.0.47/src/jackpal/androidterm/Term.java,793-813,20140818233834
systemApps/Android-Terminal-Emulator/v1.0.47/Android-Terminal-Emulator-1.0.47/src/jackpal/androidterm/Term.java,873-892,20111118022445
systemApps/AnySoftKeyboard/v124/AnySoftKeyboard-124/src/main/java/com/anysoftkeyboard/utils/XmlUtils.java,817-832,20111120172916
systemApps/BetterBatteryStats/v1.10.2.0/BetterBatteryStats-1.10.2.0/BetterBatteryStats/src/com/asksven/betterbatterystats/StatsAdapter.java,396-417,20120818230752
systemApps/BetterBatteryStats/v1.11.0.0RC7/BetterBatteryStats-1.11.0.0RC7/BetterBatteryStats/src/com/asksven/betterbatterystats/AbstractChart.java,117-129,20120315182616
systemApps/BetterBatteryStats/v1.11.0.0RC7/BetterBatteryStats-1.11.0.0RC7/BetterBatteryStats/src/com/asksven/betterbatterystats/AbstractChart.java,139-154,20120315182616
systemApps/BetterBatteryStats/v1.11.0.0RC7/BetterBatteryStats-1.11.0.0RC7/BetterBatteryStats/src/com/asksven/betterbatterystats/AbstractChart.java,197-208,20120315182616
systemApps/BetterBatteryStats/v1.11.0.0RC7/BetterBatteryStats-1.11.0.0RC7/BetterBatteryStats/src/com/asksven/betterbatterystats/AbstractChart.java,217-230,20120315182616
systemApps/BetterBatteryStats/v1.11.0.0RC7/BetterBatteryStats-1.11.0.0RC7/BetterBatteryStats/src/com/asksven/betterbatterystats/AbstractChart.java,238-251,20120315182616
systemApps/BetterBatteryStats/v1.11.0.0RC7/BetterBatteryStats-1.11.0.0RC7/BetterBatteryStats/src/com/asksven/betterbatterystats/AbstractChart.java,59-72,20120315182616
systemApps/BetterBatteryStats/v1.11.0.0RC7/BetterBatteryStats-1.11.0.0RC7/BetterBatteryStats/src/com/asksven/betterbatterystats/AbstractChart.java,87-101,20120315182616
systemApps/BetterBatteryStats/v1.8.1.0/BetterBatteryStats-1.8.1.0/BetterBatteryStats/src/com/asksven/betterbatterystats/AbstractChart.java,117-129,20120315182616
systemApps/BetterBatteryStats/v1.8.1.0/BetterBatteryStats-1.8.1.0/BetterBatteryStats/src/com/asksven/betterbatterystats/AbstractChart.java,139-154,20120315182616
systemApps/BetterBatteryStats/v1.8.1.0/BetterBatteryStats-1.8.1.0/BetterBatteryStats/src/com/asksven/betterbatterystats/AbstractChart.java,197-208,20120315182616
systemApps/BetterBatteryStats/v1.8.1.0/BetterBatteryStats-1.8.1.0/BetterBatteryStats/src/com/asksven/betterbatterystats/AbstractChart.java,217-230,20120315182616
systemApps/BetterBatteryStats/v1.8.1.0/BetterBatteryStats-1.8.1.0/BetterBatteryStats/src/com/asksven/betterbatterystats/AbstractChart.java,238-251,20120315182616
systemApps/BetterBatteryStats/v1.8.1.0/BetterBatteryStats-1.8.1.0/BetterBatteryStats/src/com/asksven/betterbatterystats/AbstractChart.java,59-72,20120315182616
systemApps/BetterBatteryStats/v1.8.1.0/BetterBatteryStats-1.8.1.0/BetterBatteryStats/src/com/asksven/betterbatterystats/AbstractChart.java,87-101,20120315182616
systemApps/NFC-Key/v1.21/NFC-Key-1.21/android-libs/aFileChooser/aFileChooser/src/com/ipaulpro/afilechooser/utils/FileUtils.java,217-241,20140117175716
systemApps/NFC-Key/v1.21/NFC-Key-1.21/android-libs/aFileChooser/aFileChooser/src/com/ipaulpro/afilechooser/utils/FileUtils.java,257-338,20140117175716
systemApps/NFC-Key/v1.38/NFC-Key-1.38/android-libs/aFileChooser/aFileChooser/src/com/ipaulpro/afilechooser/utils/FileUtils.java,217-241,20140117175716
systemApps/NFC-Key/v1.38/NFC-Key-1.38/android-libs/aFileChooser/aFileChooser/src/com/ipaulpro/afilechooser/utils/FileUtils.java,257-338,20140117175716
systemApps/ad-away/v2.1/ad-away-2.1/AdAway/android-libs/ActionBarSherlock/src/com/actionbarsherlock/internal/widget/ScrollingTabContainerView.java,241-254,20130310013125
systemApps/ad-away/v2.5/ad-away-2.5/libraries/actionbarsherlock/src/com/actionbarsherlock/widget/ShareActionProvider.java,161-181,20120406220447
systemApps/ad-away/v2.5/ad-away-2.5/libraries/actionbarsherlock/src/com/actionbarsherlock/widget/ShareActionProvider.java,195-225,20120406220447
systemApps/ad-away/v2.5/ad-away-2.5/libraries/actionbarsherlock/src/com/actionbarsherlock/widget/ShareActionProvider.java,292-301,20120406220447
systemApps/ad-away/v2.6/ad-away-2.6/libraries/actionbarsherlock/src/com/actionbarsherlock/widget/ShareActionProvider.java,161-181,20120406220447
systemApps/ad-away/v2.6/ad-away-2.6/libraries/actionbarsherlock/src/com/actionbarsherlock/widget/ShareActionProvider.java,195-225,20120406220447
systemApps/ad-away/v2.6/ad-away-2.6/libraries/actionbarsherlock/src/com/actionbarsherlock/widget/ShareActionProvider.java,292-301,20120406220447
systemApps/ad-away/v2.7/ad-away-2.7/AdAway/src/main/java/org/adaway/ui/TcpdumpLogActivity.java,50-61,20110904012049
systemApps/ad-away/v2.8/ad-away-2.8/libraries/actionbarsherlock/src/com/actionbarsherlock/widget/SearchView.java,1181-1193,20130310013125
systemApps/ad-away/v2.8/ad-away-2.8/libraries/actionbarsherlock/src/com/actionbarsherlock/widget/SearchView.java,1466-1493,20130310013125
systemApps/ad-away/v2.9.2/ad-away-2.9.2/libraries/actionbarsherlock/src/com/actionbarsherlock/widget/SuggestionsAdapter.java,173-201,20130310013125
systemApps/ad-away/v2.9.2/ad-away-2.9.2/libraries/actionbarsherlock/src/com/actionbarsherlock/widget/SuggestionsAdapter.java,203-246,20130310013125
systemApps/ad-away/v2.9/ad-away-2.9/libraries/actionbarsherlock/src/com/actionbarsherlock/widget/ActivityChooserModel.java,781-806,20120406220447
systemApps/ad-away/v2.9/ad-away-2.9/libraries/actionbarsherlock/src/com/actionbarsherlock/widget/ActivityChooserModel.java,850-865,20120406220447
systemApps/faster-gps/master/faster-gps-master/libraries/Donations/src/main/java/org/sufficientlysecure/donations/DonationsFragment.java,263-277,20130527000730
systemApps/iFixitAndroid/v1.2.2/iFixitAndroid-1.2.2/App/src/com/github/kevinsawicki/http/HttpRequest.java,380-414,20121020163729
systemApps/screen-notifications/0.12.0/screen-notifications-0.12.0/ScreenNotifications/src/main/java/com/lukekorth/screennotifications/billing/Security.java,72-86,20141120093304
systemApps/screen-notifications/0.12.0/screen-notifications-0.12.0/ScreenNotifications/src/main/java/com/lukekorth/screennotifications/billing/Security.java,97-118,20141120093304
systemApps/screen-notifications/0.90/screen-notifications-0.90/ScreenNotifications/src/main/java/com/lukekorth/screennotifications/TimePreference.java,102-117,20130108082245
systemApps/screen-notifications/0.90/screen-notifications-0.90/ScreenNotifications/src/main/java/com/lukekorth/screennotifications/TimePreference.java,125-151,20130108082245
systemApps/screen-notifications/0.90/screen-notifications-0.90/ScreenNotifications/src/main/java/com/lukekorth/screennotifications/TimePreference.java,87-99,20130108082245
systemApps/sophia/oss/master/sophia/oss-master/support-v4/src/android/support/v4/app/ListFragment.java,231-241,20130529134735
systemApps/sophia/oss/master/sophia/oss-master/support-v4/src/android/support/v4/app/ListFragment.java,279-313,20130529134735
systemApps/sophia/oss/master/sophia/oss-master/support-v4/src/android/support/v4/app/ListFragment.java,322-374,20130529134735
systemApps/sophia/oss/master/sophia/oss-master/support-v4/src/android/support/v4/app/ListFragment.java,89-137,20130529134735
systemApps/standalone-calendar/standalone-1.2/standalone-calendar-standalone-1.2/src/com/android/calendar/alerts/AlertReceiver.java,180-192,20090210154404
wallpapersApps/PhotoPhase/master/PhotoPhase-master/src/android/support/v4/view/accessibility/AccessibilityRecordCompat.java,1063-1082,20131103211003
wallpapersApps/PhotoPhase/v1.0.3/PhotoPhase-1.0.3/src/com/ruesga/android/wallpapers/photophase/preferences/SeekBarPreference.java,234-252,20140804131715
