10025171,Streetboy^Jason Robinson^Simulant
10057143,Nguyễn Hoàng Gia^Hesam
10145528,Alex Gifei^Andrew Thompson
10162086,Ziem^Kuba Spatny
10164840,Torious^Neera^EJP^lrAndroid^trutheality
10208669,
10220146,bluefeet^miskit74
10260271,Tom Groentjes^m.s.^user1036555
10308455,ρяσѕρєя K^Jasonw^user1265628
10381391,user1215522^prakash^miniBill^Nishant
10403987,kyp^Drake Clarris^bluMan
1043276,toni77^Cowan^Nuno Furtado^tschaible^aberrant80
10436786,bluMan^Cory Trese^MAC^Jason Robinson^Paresh Mayani^Dhawal Sodha Parmar^kabuko
10448349,Mattias Isegran Bergander^galex^FabianCook^WarrenFaith^bluMan
10523631,ρяσѕρєя K^fdreger^Zoel Kifly^Sunny Kumar Aditya
10579427,Ryuujin^Padma Kumar
10600660,Theo^userSeven7s^Rookie
10689744,Matt Handy^lomza^David Corsalini
10718891,Thiru VT^Rasel^Kri^Trikaldarshi^Tarun
10761371,Benjamin^blinkingwarninglight^Evan R.
10808357,mistic^wyoskibum^AndroidLearner^Nate
10832755,MaKo^logcat
10834044,MaKo^Barak
10842546,Rakesh Gourineni
10896558,Dean Gibson^Azhar Shaikh^theAlse
10900312,Richard Lewin
10922791,roysch^Barak
10927328,John Peet^Sam
10956557,Name is Nilay^SimonSays^Tom Groentjes^Prasad G^kolek^Bhaskar^seema
11062043,Sting Ray
11072503,Tim^manuzhang^Vipul Shah
11165686,Barak^Ankit
11182362,Barak^Ankit
11183717,Basim Sherif^Md Abdul Gafur^kdehairy
11189585,Disco S2
11224147,test test^Barak^Sergey K.
11242421,cV2^djpeinado^Hawk^Jason^Bghaak
11244167,Barak^Dipak Keshariya^mwrazam
11259436,Aelexe^Goofyahead
11279449,teh1^Tom Kerr^Ankit
11304483,android developer^Regexident^minux^Naeem Ibrahim^Steven Schoen^Rehan^Alex Lockwood
11338918,Sin5k4
11344702,Benjamin^ManjotSingh^khurram
11396421,Alex Lockwood^Mohit Deshpande^user1512129
11431838,Korniltsev Anatoly^S Arumik^sunil^Gautam
11596171,aetheria^nidomiro
11657215,LK Yeung^Tushar
11709085,Springy
11718521,John Conde^user1527152^Ali
11722152,Kay^sataniccrow^user1527152^Barak
11736555,Timothy Heider^Justus^Adrian
11737587,RYN^sanjoy chowdhury^user3205467^Noz^jontro^eldarerathis
11740473,Benito Bertoli^Jake Wharton^kaffein
11756102,Lavekush Agrawal^Yi Wang^tad^Ixx^Mikelis Kaneps^Janusz^Tunaki
11756977,Angelo^Zak^Ali
11783998,Error 454^ohra^Eric
11816248,AliSh^Silesia
11963375,dreamer1989
11973078,Mehdi Fanai
11990069,Simon-Pierre^mjaggard
12012354,Akos Cz^Bo A^Hossam Alaa
12102513,Ted Shaw^Don Rhummy^simonc
12107676,Chirag Raval^Rohith
12108604,Nakshatran^Dan
12136293,Dipak Keshariya^Mohsin Naeem^ShrimpCrackers^ejmtv
12150052,hasanghaforian^Chiran Jain
12153871,Manick^Dan
12167699,Sathya^dreamer1989^wtsang02
12168856,JoeyL^A.A^Sam
12194664,Ashish Pathak^kdehairy
12222141,Degen Sharew^Tower Jimmy^Swayam^Doomsknight^Gajus^alvonellos^dreamer1989
12229434,Swayam^JoeyL^waqaslam
12298835,user2906198^Daniel Proode^Tomeksss^Mehdi^FariborZ^Rajendra^krsteeve^EmmanuelMess^Brian Tompsett - 汤莱恩
12300183,Rajendra^Bruno Bieri^AndroidLearner
12332455,prolink007^John Bollinger^张雅青^Sam
12345079,Marcin S.^G_S^NagarjunaReddy^owl10^Raditya Kurnianto^Dipak Keshariya^Ali Behzadian Nejad
12369825,Fllo^CommonsWare^Melbourne Lopes^Genkaku
12425057,Goo^basnijkamp
12453434,andro prabu^raghav chopra
12455554,Pratyusha Terli^KwahuNashoba^Android Help^Vgiri
12478548,Simon^Nakshatran^DavidAndroidDev
12527815,Nakshatran^Benito Bertoli^duffymo
12541548,Kimvais^nbrooks^Nakshatran^Raghav Sood^Eng.Fouad^userSeven7s^AVD^Sahil Mahajan Mj
12575920,RobCroll
12588876,Robert^Do.
12601874,Tamil Selvan^Abhinav Singh Maurya^Sam-In-TechValens^Blanc
12635210,Android app_devlpr
12675375,CL.^leenolasco^Yaqub Ahmad
12702663,Shrikant^prabu
12703593,Rohith^Anup Cowkur^Heiko Rupp^Khasm
12794934,Ritesh Kumar Dubey^Streets Of Boston
12811496,Bryan^athor
12812623,Simon^Neha.R^user1733665^Manoj Kumar^Roddy of the Frozen Peas
12832421,Neha.R^SunnySonic
12853296,Mridang Agarwalla^Suresh Lalchandani^vaibvorld
12854336,
12934608,Swayam^Dunkey^Jokahero
12982610,Mohit^5paceManSpiff
13003205,cascadox
13044670,Rohith^Princewill Obinna Iwuorie
13062968,Viacheslav^Rohith^Venkatesh S^VenomVendor
13081160,Dan^prabu
13084914,Ant4res^Sietse Trommelen
13119523,rgrocha^shadi^Alexander Kulyakhtin
13121719,Anaisthitos^StfgMccx^Anand Savjani^Rohit Kini^Devangi Desai
13121720,dev_android^Haris Dautović
13130363,Joel Westberg^KylePlusPlus
13130528,MH.^Marcin S.^Fresheyeball^simsam7
13158383,kittu88^GVillani82
13232624,Greezer^Paresh Mayani^Renjith
13274768,Timmmm
13302962,JScoobyCed^sarath
13320901,Binoy Babu^prabu
13335774,Jave^Bryan^Sam
13350920,user1320716^RajeshVijayakumar
13412165,Titus^user1828895^davenewza^Vignesh
13416725,user1822857^KPBird^Nermeen
13434542,dreamcrash^user1568346
13447608,Yogendra Singh^ravithejag^kongkea
13452621,Jignesh Ansodariya^crickpatel0024^Jukka K. Korpela
13472620,prabu^Kiran
13479629,chris-tulip^Andy
13481692,Mohamed_AbdAllah^dileep^zapl
13491074,Jukka K. Korpela^George Stocker^Anup Cowkur^crickpatel0024
13554740,jcjr^Marko Topolnik^tb-^Peter Lawrey
13570615,DarkAjax^Dan^AdsHan
13577125,Ram kiran^u2tall
13623027,Sam-In-TechValens
13627000,Jason Robinson^Groppe^Jul^Pui Ho Lam
13642833,kumar^krish^Bagher S^ajtrichards^Doomsknight^user3689900^Seraphim's
13716593,aProgrammer^Bostone
13778690,Ashwin N Bhanushali^Luksprog
13795620,Calvin_Medcalf^Krushna Chulet
13854091,mango
13971396,Deepak Sharma^Veger
14009545,mhasan^Shreesha S^user1283633
14021200,Habib^Mehul Joisar^venkat
14036577,Slartibartfast^Nikolay Elenkov
14053702,David Wasser^Gepro^kpsfoo
14067150,Ayush Goyal
14083950,maddy d^Matt^Lalit kumar^Justin Breitfeller^Hitesh Sahu^Daniel Nugent^Desmond Lua^Varun^Vidar Wahlberg^Putnik^Ankur Gautam^Daniele Segato^Zou^comeGetSome^hermann^CommonsWare^JJD^user1396018^tomrozb^i7an
1409220,mw_javaguy^fyasar^Simulant^Omnia
14098447,Ramprasad^Dheeraj V.S.
14106285,SylvainL^Cyrille Ka^ditkin^jagamot
14181548,Sachamora^PearsonArtPhoto^Doomsknight
14181831,XåpplI'-I0llwlg'I  -
14217463,Nikola^Matt Taylor
14230225,Martin
14231485,Leonidos^Tripletee^Yasmine GreenApple^jay
14306400,TUSWAY
14377370,James Davis^Coder_sLaY^Yaroslav Mytkalyk^Nermeen
14381232,Leonidos^TheDareDevil
14393449,Vyshakh^Dixit Patel
14395980,JoaoBiriba^GrIsHu^Surabhi^Shog9
14399614,Vyshakh^GrIsHu^WarrenFaith^Qadir Hussain
14411766,Spacehamster
14419873,wisner^Eng.Fouad^Brian Tompsett - 汤莱恩
14433281,edwin
14443235,Luksprog^Nagi
14453544,jlopez^Edward McNealy
14473034,Vyshakh
14488229,JuiCe^A--C
14546966,Jonas^StarsSky
14564694,Gabriele Mariotti^Juan Ospina
1457923,mw_javaguy^skaffman
14595067,Juan Ospina
14817611,Sam^Developer
14825607,sri^Ankit HTech^Alex Lockwood
14831010,AAnkit^Ash^Nermeen
14832613,Vinay^Ash^Rahul Patel
14865347,GitaarLAB^ThomasRS^Coder55^Christian Olatomiwa^18446744073709551615
14872944,Gurjinder Singh Pabla^lokoko^3D-kreativ^user1969053
14897067,DominikM
14938544,Prateek^Darko Petkovski
14957835,Martin Gaynor^Etaoin^Rahul Mehrotra^Opiatefuchs^Julián
14999600,AnujMathur_07^Michael A.^user1917769^Ben Max Rubinstein^anddev^Avadhani Y
15014143,Silox^Diëgo
15025442,Nipun Gogia^outlying^Qadir Hussain
15072016,Budius^AntonioSanchez^WarrenFaith^AlikElzin-kilaka^i.dun.no
15132782,mayur bhagat^Ashwini Bhangi
15160976,A--C^Darpan^ocry^Griddo
15177160,A--C^androidgeek^Aeisor
15178956,user1875797^Hoan Nguyen^Sam
15179086,yprez^Jani Bela
15212309,GrigoreasP^Jose Gonzalez^MaxDhn^Jani Bela
15239131,jillianjiggs^Stack Overflow User
15268847,Erhard Dinhobl^Dawson Loudon^Dhawal Sodha Parmar^Beginner
15336312,adesh singh^Maximin^codeling
15353506,adesh singh^Maximin^Perception
15358235,Phalanx^Parvaz Bhaskar
15391066,wtsang02^Hamed MP
15408649,Android^Varun
15415623,Jordan Moffat^Shark^wangyif2
15474991,Manoj Agarwal^mihail^Ketan Mehta
15502467,marialena^Daniel Jeevan E. J^Richard Lewin^NullPointer
15511829,flx^Dean-O
15535499,DigCamara^user2133669
15547243,Sandeep
15603971,Dennis^wufufufu^Murat Nafiz
15622843,323go^almyz125
15627988,Pulkit Sethi^Keeano^ρяσѕρєя K
15645605,Keeano^JafarKhQ^Llemilio
15684954,Tomislav Turcic^Talha
15702865,ciastkoo^Ameer Moaaviah
15762249,Pushpalanka^Eitan^Hareesh
15844915,ValadiosTrenos
15853611,Doga Oz^Raghunandan
15856806,Dan^Tarek Kanon^Krushna Chulet^Shobhit Puri
15859986,Daniel^Shobhit Puri^Ayush Pandey
15888689,rkmax^MH.^Nek
15902918,Cfr
15912124,ArturSkowronski^user1026605^agirardello
15928169,oops.objective^Chintan Rathod
15964160,Dhawal Sodha Parmar^Raghunandan^Ankitkumar Makwana^KC Chai
15992882,Jan Hofman^Rotwang^hunch_hunch^Medhi Redjem^M3rd0n
16067152,CL.^marjanbaz
16069358,marjanbaz^Gabe Sechan
16093372,Jhorra^ianhanniballake^vasart
16148253,Think Recursively^Radoslav
16181312,marjanbaz^Femi
16183635,Rookatu^Chintan Rathod^Lalit Poptani
16217194,MobDev
16283626,Chris^edoardotognoni
16333153,Class Stacker^httpdispatch^Hoan Nguyen^Sergey Dmitriev^PowerPanda
16342252,Anirudha Agashe^user1844616
16378387,user1581121
16389149,user2340612^nemezis^Emil Adz
16404827,andrew^geekkid
16414396,EJP^anish^Emil Adz
16422805,koral^geekkid
16535490,JoeClacks^slm^Jayesh Sojitra^Piyush Chandra
16563687,bakriOnFire^ramesh^Marcin Orlowski^Mehul Joisar^Kanth
16577356,Klitos G.^pj409
16604297,priya^sandrstar^Varun Vishnoi
16636017,Naveen Prince^Lisa Anne^thiagolr^Saeid Farivar
16660011,wisner
16661451,prvn^Glenn--^Jamaludin Iqba
16668198,Andreas Hauser^Mora S.^baybora.oren^Venator85
16679917,MrHill^Surely^pelotasplus^dani
16701014,Patrick^Pork 'n' Bunny
16707343,Ajay^Emil Adz^user2367924
16730047,davideagostini
16732388,prashant^Abhishek Agarwal
16772682,sunil^Gagan^Mitona^Renjith
16800284,Terran Brown^ρяσѕρєя K
16833902,shreyas^Lele^Amit Gupta
16845698,Nick White^dhiku^Robin Hames
16857987,UnderGround^d.c.westside
16948937,Osman^Karakuri^Copernic
16955861,jlordo^dickfala
16962998,Chintan Khetiya^Tiago Geanezini^gunar
16971402,Manuel^verybadalloc
16983528,matreshkin^Mihir
16984834,Tiago Geanezini
17034511,Nidhi Saini^Benoit Duffez^HalR^nmr^GeeElle^PearsonArtPhoto^AB1209^Vikash Kumar Tiwari^John Kalimeris^akshay bhange^Jack^Andre Rocha^user2438323^craned^saeed khalafinejad^Raging Bull^Shell_Core^Ethan
17054115,user2476195^DigCamara^Michael Butscher^Booger
17060361,Malachiasz^Raj
17066453,rawcoder064^Kapil Vij
17097623,babaysteps^NullPointer^MaciejGórski
17098844,EAGLE^Sayed Muzammil^lonehangman
17174066,user2407147^Neron T^Tarek K. Ajaj
17191931,NOSTRA^iDroid Explorer
17192649,user2498588^Benil Mathew
17213025,Cristiano Zambon^koraxis^Amin Keshavarzian
17242384,TronicZomB^riehime23^dustin
17248585,MyMasterPeice^CRUSADER^xiaoguizi^MDMalik^Oriel Dayanim^Pranav Singh
17276273,user2407147^Ryan Sayles
17281855,Charles^Cody Frazer
17341408,Md. Monsur Hossain Tonmoy^Nirali^Mahesh Kavathiya^Lohit
17380391,Usama Sarwar^jamie^Manu^Seattle Ninja
17394122,Simon^riehime23
17402485,Saggy^Venkatesh S^user2330792
17433389,Raghunandan^smmehl0311^Wilhelm Dewald
17454031,mike.b93^iMan
17462688,Qben^sandrstar^Himanshu Arora
17471764,Mahesh^CommonsWare^start android
17487309,Julian Mancera^user2507920
17501133,Benjamin^Lạng Hoàng
17513785,k0sh^iappmaker
17529087,Jørgen Affe Pedersen^StinePike
17595533,Tomas Žemaitis^Tumetsu
17597012,tafazzi87
17611726,Vigbyor^Meher^Gunaseelan
17646563,Kevin^Android Student
17661084,Elvis Oliveira^Sean Barbeau
17662228,MinecraftShamrock^hexafraction^Vinit Shandilya
17688177,Alex4se
17753039,edmund02
17754310,Warpzit^xBroak^MarkOSullivan94^TronicZomB
17775708,CommonsWare^user2604677^hoss
17800857,sandrstar^Kodi
17802085,Chethan Shetty^srikanth gr
17935491,cheese1756
17951816,user2407147^Ken Wolf
17988501,mk-orange^Lorder
17996888,Alireza Farahani^Tarun Varshney^nunofmendes
18044876,Mitona^zapl
18058578,ishly habib^noKid
18072755,falsetru^puthawala
18073222,abzr^Brais Gabin
18074467,Loktar^jigar^Raghunandan^Chiral Code
18076307,Owen Zhao^rahstame^donkey^Rookie
18076653,jigar^Raghunandan^Chandan
18079179,Sangeeta Rawat^Nirmal
18086494,Benjamin^JRomero^Azeem
18102394,Tarreq^Goblinch^Kapil Rajput
18124209,Armaan Stranger^Deimantas Brandišauskas^Tarsem Singh
18125380,HelpMyProgram^Seenu69
18130935,Collin Flynn^Eluvatar^James Monger^Rohit Deshmukh
18143447,Yarh^Andy Res^darkheir
18177165,menu_on_top
18192080,user2407147^Big Kahuna^Nick
18200945,Sushil^Arash^Anil Bhatiya^Anchit Mittal^Opal^Hariharan^Mehul
18215818,guy.gc^user2568768
18223594,nma
18240433,Ryan Sayles^Vikram
18244435,Ali^Joshua Sutherland^SimonSays
18267002,halfer^sai^Muhammad Omer
18330628,buzeeg^Andras Deak^Maxton
18345987,Dan^Katie Hurley^cloudviz
18353575,Farouk Mershad^nitin Sol^Levente Kurusa
18368466,Fygo^codeMagic
18408076,user2648852^David
18429605,MehrdadSComputer
18432537,Jack120
18444123,syed Ahsan Jaffri^Kapil Vij
18459239,STT LCU^Lawrence Choy^Feciuc Teodor
18467092,user2407147^Owen Zhao^Tricky12
18473862,kuriouscoder^Ed0906^CodeBlind
18485192,Danubian Sailor^grunk^akash raj^allprog^Tala^Avadhani Y^Its not blank
18491540,metter^Ritesh Gune^h22^user2648852^Henry
18549189,user2407147^free3dom
18552163,android developer^Abhijit^omarfarhat97
18570670,Ritesh Gune^Chiradeep^Kalai.G
18606652,Andrain^Chiradeep^Asha Soman
18625965,user1352652^Jon
18627851,Kamal Upasena
18640431,fedepaol^Dale Wilson^user2648852
18642773,Hits^CL.^user2751713
18671311,hichris123^Warang Buzz'^user3183704^Diego C Nascimento
18725580,user2407147^MemoryLeak^StevoF
18765923,user2407147^Andy Res
18767544,user2407147^Trikaldarshi^Clad Clad^CRUSADER
18778683,jeraldo^ADT^Gunaseelan^Beginner^dipali
18786230,Pork 'n' Bunny^Leandro Hoffmann
18806240,Brian Dilley
18822465,shivani^V.Roudge
18832581,Anna Gabrielli^Alexandre Mendes^Gamb^Lekhnath
18927245,lichao666500^user123456^cafebabe1991
18930246,Rotwang^Manali Sheth
18939838,J Jiang^Nitin Sethi^Copernic
18941404,Lain^Trikaldarshi^user2648852
18942055,Trikaldarshi^Denis Gubert
18950711,Tega^bansi^Di Vero Labs^stumpp
18950947,klambiguit^FaridAvesko^Yuriy Galanter
18963998,TheMeisterSE^Raghunandan
18974685,TheMeisterSE^Ketan Ahir
18976802,TheMeisterSE^malimo
18981409,S.A.Norton Stanley^Code_Yoga^Zac Powell
18989502,Diego Lucas
18996264,Biraj Zalavadia^Boopathi^thhVictor
19009071,TheMeisterSE^cYrixmorten
19057996,user2580568^ivagarz
19117353,David_D^ssantos
19119458,user123456^User^JJ86
19131205,arun-jamhub^Hamad^Andrain^minhaz^User
19282959,healthcare.gov programmer^Sotirios Delimanolis
19297185,rosu alin
19318856,prakash^jcaruso^Dinesh Raj
19332481,dhams^ternes3^meredrica
19393076,Benoit Duffez^iamreptar^Poutrathor^Josh Hunt^simekadam^mitenko
19411324,Rick Falck^BigX_Jazz
19424127,user2845390^dayFun
19468025,Nadhir Titaouine^Willi Mentzel^Amit Gupta^andrew^Pongpat
19500824,xtreak^Pietu1998^Geobits
19522157,MGDroid^user2857711^Mikel
19522176,Polynomial^user2648852
19529366,warmbeach^Alexander Sidikov
19538966,user2910695^SBerg413^AnAndroid^Uwe Keim^Tushar Gogna^Hariharan^Doomsknight^tjameson^laalto
19545394,user2753285^SathishKumar^Simon Forsberg
19559655,joan^Chiral Code
19563467,benRollag^Geetika
19634769,Satyen Udeshi^Raghunandan^yadav_vi
19645346,tomrozb^Rich Talcik
19659683,T. Rex^Herrbert74^Hardy
19666191,shihab_returns^Luksprog^TheATeam
19698270,Venkatesh S^The Green Foxx^Haresh Chhelana
19701233,Lijun Lou^Probojnik
19763727,mohan^David N^user2947238
19778516,Master Zangetsu
19829398,Sushil^mobiledev^Sonali Kohli^AndroidHacker
19854272,Satyen Udeshi^wrecker^madan V
19894724,fasteque^user2923999
19921148,Neil^Tanishq dubey^theDazzler^Raghunandan^Shakeeb Ayaz
20027718,TheFlash^saulobrito^user1051505
20070709,CommonsWare^Giulio Bider
20189364,Melquiades^onkar^Mohammed Saleem
20192642,anddev84^sam^Mr.DJ^Manoj Fegde^cpbkit^Leonidos
20247179,Michelle^Vikram Bhat
20264420,user3033687^Akarsh M^A.S.^yushulx
20280811,Szymon^Patrick Zinner
20283580,k4sia^Saeid Farivar^Carlos Robles^Sarah Sami
20289945,Chin Ye^Ahmed Ekri^ramaral
20295909,Chin Ye^thinear
20296210,Innkuan Thute^CL.^kdehairy
20303657,Rahul Gupta^Kalel Wade^fchristysen^Tarik^just me
20334523,Hamad^Tyler^user3013767
20377038,Master Zangetsu^nvhausid
20397466,freibergisch
20439915,Roopendra^Gaunt Face^user3077215
20467616,Ba Tới X&ø236; Cơ^sai.gssr
20537736,VIRAG^benbkoch^KnockFall^nitesh goel
20563829,Java Curious ღ^Martin Braun^g00glen00b
20590881,Y2i^Allan Jiang^Viswanath Lekshmanan
20673919,user2710040^San^android-mantra
20730594,Chin Ye
20743659,vidi^ZORRO_BLANCO
20775968,staaar^Ashish^Kodi
20796134,user3058783^sachin10^Ketan Ahir
20809421,JAndroid
20833562,Huteri
20834626,GrIsHu^Kalai.G^nikkignarr
20852054,praveen^LMK
20879220,Imran Balouch^Viswanath Lekshmanan^saiful103a
20894155,Desty^J Sanchez^Stephan Branczyk^frgnvola
20936272,Chewbye^Rohan Kandwal^Asahi^Sergey Shustikov
20937403,Raghunandan^mike yaworski^laalto^user3163151
21009950,Ionut Bogdan^anjaneya
21043783,Ajay^EliaszKubala^ali alilou^android developer
21048988,Chin Ye^zapl
21059644,Biligsaikhan
21116194,Oscar^user666^Sochimickox
21117888,Sk8eR^trippedout
21154433,Raman^theForgottenCoder
21205503,Shylendra Madda^hozdaman
21222398,Nicklas Gnejs Eriksson^user1993412
21253332,James^NigelK^Maarten
21299496,XdebugX^Javanshir^Binoy Babu
21308462,DaxeshKhatri^Gomathi^Chirag Ghori^Simulant
21325966,user3164083^Roman Black
21408314,rodrigopdl.89^user1953173^FD_
21412532,Tony
21437779,S.Pedro
21439032,Old User
21446361,IDontEvenKnow^Coderji^I'm_With_Stupid^KernelPanic
21457006,faizanjehangir^gvmani
21481451,linga^Senhor
21485256,Pellizon
21486298,J Mint^user3260985
21499619,Senhor^Kapil Vij^PopoFibo^vipul mittal
21503967,inferKNOX
21521522,Vaseph^Nagaraja
21533748,michal.luszczuk^user2980156
21539957,Garmael
21595078,Benjamin^fida1989^Amrut^Prakash^Waqar Ahmed^Sanket Naik
21603325,Rafael Ruiz^AndroidHacker
21607561,Dan^keshav^Hick
21615957,Joachim Kurz
21623211,Gopal Gopi^Chirag Ghori^ravi patidar^zapdroid
21655362,Junior Hazel^αƞjiβ^developer known as Insane^Jared Burrows^offcourse^safaiyeh^Seraphim's
21673667,Rotwang^Harshal Kalavadiya
21738324,Nick Rippe^Jesse Hernandez
21766707,A.J.^vlio20^LukaCiko
21772309,Innovative Thinker^Hiren Patel
21809171,Waldhirsch
21875848,2Dee^Rajesh Durai
21883114,Abhijit Muke^Dan^madhu
21938419,GaRRaPeTa^darnmason
21940667,Phillip Senn^amara mohamed amine^Leigh
21940668,Ricardo Lage^OlivierLi
21954696,Ruju^Padma Kumar^Anil Bhatiya
21956145,Chris^Ty221^user3048027
21969413,Alienware^AmirHossein Mehrvarzi
21969897,Ricardo Lima^Alienware
21982367,the_prole^Rakhita^Mark KWH^Chirag Ghori^SSH^axierjhtjz
22012570,Aniket Kapse^SMR^pix^Kartheek s^vlio20^Kartheek
22017850,Rahul Gupta^Farmer Joe^Hudson^Syl OR^khurram
22045812,Aleks G^user2756111
22062607,Nikhil Goswami^Dukeling
22062622,bShah^Murphy
22134885,Kikuto^M Penades^Ben Avery^user3050910^youssefhassan
22194271,Kishan^wawanopoulos
22198465,Yakiv Mospan
22204093,yprabhu^Zakharov Roman
22205377,user3326228
22207659,p.s.w.g^simoco^GETah^Tukajo^Nevily^njzk2^nvoigt
22208762,TitoAlfaro^Nevily
22236897,user3050910
22310653,karthikk^saman0suke^Nathaniel D. Waggoner
22358455,Paddy1990
22366321,CommonsWare^Luis Lavieri
22368974,Georgi Angelov
22423950,Night Mare^OAEI
22439756,vipul mittal^seang96
22520847,Mauri^Patrick
22534663,keshav^Mohammed Subhi Sheikh Quroush
22554243,Pete^GrIsHu^Mathias M&ø252;ller^nKn^Mitch Wheat^anuruddhika^FD_^android-x
22578965,Hanan^Scott Barta
22591840,IntelliJ Amiya^Xaver Kapeller
22592018,harmanjd^testsingh^bmv2143^Shereef Marzouk^rz0
22620992,aneiser
22633345,Fllo^IntelliJ Amiya^Sir SC
22643771,Juliatzin del Toro^La5t5tarfighter
22647030,Ronny Kibet^user3461548
22650588,lostintranslation^The Green Foxx
22660121,Imire^Igor Filippov
22705146,Dorami^Raghunandan
22708999,arorak^user3471925
22735919,Prakash M^C_B
22742762,gckearns
22764500,user3256145
22780088,
22802079,Vamshi^Robotics^Gopal Gopi^AndyN^Chirag Ghori
22802512,krishna^user3006788^Ketan Ahir
22810088,InnocentKiller^user3256145
22830362,Lewis Rodriguez^kstachniuk^Blackbelt
22880585,Maurice
22881448,johnsam^geoand
22890314,Raimi bin Karim^Lazy Ninja^David Perez
22897324,David Levesque^MaikHansen^Koitoer
22927972,Dan^MyMasterPeice
22932209,libathos
22936432,Kedarnath^user2103060
22938444,Matt Accola^GVillani82
22939920,JoshOfAllTrades^M.Sameer^schlingel^Chintan_Soni
22953318,Yuvaraja^Riser^GrIsHu^Kyle^Nitij Katiyar
22955847,nikis
22961948,Ferzinha Fil^Robi Kumar Tomar^Labalumit
22965626,user3266062^natez0r
22978260,Crazy^user3439273
22978786,Safa_Alrawi^user3439273
22996445,Fattivi Digitali^Libin^Thomas^user3439273
23051046,Ethan Thomas^Fllo^user2896762
23051778,user2896762^Karakuri
23068927,Ken Wolf^Eduardo Dennis
23076645,Zohra Khan^Simon^Lunchbox
23136290,TriPSs
23172572,M D^CaladanBrood
23187574,user3132352
23261107,Rotwang^user3327946
23273383,kiruwka^dariodp
23282482,goofyz^Paul T.
23296794,Kaediil^Rob
23325948,user2963317^Nick Cardoso^Robert Harvey
23328353,Jeff of Brooklyn^CommonsWare
23343091,RiverRock
23345041,Rob
23351515,McGlone^amit^Soumya Kumar^maaartinus
23386143,user2034859
23399603,Chris Harris
23399954,Guillaume
23407390,Karakuri^Achuthan M
23425653,NewestStackOverflowUser^Achuthan M
23438530,Jeff Bowman^Daniel Pryden^Kyranstar^awksp
23444335,Rotwang^user3199690^Vibhor Kashyap
23449928,user3325719^donfuxx
23481980,19052013^Jitesh Dalsaniya
23487076,codeboy^Saty^Piyush^laalto^Padma Kumar
23496603,jyoon^laalto
23541064,Duggu^SIMpalm^Jaydipsinh Zala
23557105,kyogs^user3509452
23560606,jyoon^Green goblin
23565467,user3437721^laalto^user3531909
23576570,Noor^venom2124
23591351,k0sh^MAOL
23592344,kupsef^MAOL^Brian Tompsett - 汤莱恩
23609568,Mohanad KHOULI^synapticvoid^Mayur^AmaJayJB
23645380,CL.^ZackS^Kishan^dipali
23654874,Umair^Дмитрий Иванович Менделеев
23675008,Moradiya Akash^user3552619
23678942,Juan^Solaire
23704496,Salem^user2849976
23751126,
23820583,daydreamer^Kalyan
23860314,rcoro^user3674545
23880763,Daniel Sibaja^Emmanuel^user3678228
23904236,AnishaJain
23911244,Rakhi^nag^Ninad Pingale
23949355,kidnan1991^klefar
23950961,M D^gurehbgui^Govtart^Sripathi^Audumbar
23977348,Chandru^Karakuri^crack_jack
23989710,i.n.e.f^AimanB
23991878,Schnicke^user3679701
24003301,jupiter^user3210906^EpicPandaForce
24012611,brk8055^Bipin Bhandari
24014441,CL.^Ed Cottrell^Opiatefuchs^Webrains^hichris123^Henry^laalto^codeMagic
24015637,micnubinub^Terril Thomas
24030203,user1799171
24081862,Ali Hassan^Rod_Algonquin^Ryan Clarke
24102479,deimon^mike20132013
24109772,pa1pal^Christopher Francisco^MrEngineer13
24111605,kevthanewversi^Aspicas
24121346,user1111929^Duncan
24132692,ppuskar^Systematix Infotech^ErinSKabbash^Gabe Sechan^Rod_Algonquin
24170030,NPE
24179400,laalto^user3655661^Brian Tompsett - 汤莱恩
24219929,nyarlathotep77^A.A
24230739,samdunne
24265412,Jogendra Gouda^David Speirs^Kashyap Gada
24265919,A.A^Ahmad
24316314,nathandrake^Tanis.7x
24331506,dodo
24344245,Joe Richard
24357546,Gary Kipnis
24419685,ESipalis^tbodt^user3530525
24433295,CommonsWare^Genadinik
24505989,Kenji
24526912,mushahid
24550992,Santosh Joshi^codeFreak
24553274,zimeriljazi^Andrew Barber^Simas
24568030,bean_droid^RDC^user3784870
24608468,Ritesh Gune^A.A
24641966,Marko Gajić^user3316561^user3068269
24651538,Laxmeena^prabhakaran^Rajaji subramanian^Nishanthi Grashia^Miguel87^My God
24664514,DustyMan^Sufian
24664597,kikko088^Zeus
24740806,JonhJ^Senchay^MCZ
24759316,Cativail^user609511^Siva
24762116,Joseph^user609511
24769257,olakunle^Anderson Kxiass^MMagician^dbush^Yeldar Kurmangaliyev^Bhavinkumar Patel^user6004521^Revanth Krishna Kumar V.^varotariya vajsi^Gabriel's Messanger
24794486,Corey Ogburn
24796675,vipul mittal^Gunaseelan
24812221,user3809305
24846886,Raghunandan^SeahawksRdaBest
24852425,David A^Rockoder
24854194,laune^Schnicke^Jim^yellowmonkey
24865949,Mohamad Sani^Maciej Ciemięga
24885538,erik^Krystian
24965508,portsample^arleitiss
24973768,Cago Deggah
25003388,ianhanniballake^Kurt Wagner
25016142,HpTerm^spacebiker
25041593,arpansen^Luiggi Mendoza^Beri^Lena Bru^bitkot
25052330,maveň^megha
25082770,ViTo Brothers^ORION^RominaV^thatJavaNerd^cheko506
25094545,Sanket Kachhela^user3871606
25111464,Shay Pex^Aniruddha
25141703,Karakuri^helene
25154973,Konstantin^ben
25168574,skyjacks^user3567001
25175639,Rod_Algonquin^Daiwik Daarun
25179880,mmlooloo^ben
25219756,
25222286,Nat Karmios^scottt
25226506,laalto^JoeBruzek
25277255,Italo Brenner^zbig
25313317,Hassan^kksal55
25335635,Anwar Hossain^Rafiq Hasan
25338782,OiRc^Piyush Kukadiya
25356904,Thurul Nilnuwan^ligi
25357297,mmlooloo^Mahdi.Pishguy
25361122,Nataraj^Michał Schielmann^Conffusion^Josh^yogesh prajapati^Smutje^Siva Kumar^bitkot
25367055,Koitoer^Shiro Emiya
25385058,eee^Olimpiu POP^Kevin Cruijssen^Mika'il
25391684,AdamM^raginggoat
25393873,satellite779^user3739503
25419145,Bartek Lipinski^Schrims
25512136,user3791945
25581382,KodyVanRy^hoomi^Derick182
25590897,Cjames^Caleb^Bilal
25600552,mmlooloo^Android Learner
25629583,MKer^Bruno Parmentier
25629617,Javier
25647533,James^Sudheer Palchuri
25678358,user1090729^Preethi
25692372,VGR^ControlAltDel^maaartinus^RobAu^tgkprog
25720185,Amit^Mariyam
25746679,Sagar Pilkhwal^Aniruddh Rathore^user2976267
25775125,Marcus Mondel^j2emanue
25826642,Junior Buckeridge^user1137313
25862802,Ban Aesol
25866163,GreyBeardedGeek^LokiSinclair
25874602,Kushal Sharma^boudi
25877745,DejanRistic^greenapps^boudi
25914655,séan35
25932189,iSimply
25972026,SilentKiller^Rustam^Naveen Tamrakar^Pratik Dasa^Devraj^prakash
25981883,newnewbie^CL.
25984300,newnewbie^Mike^Loma Roma
26109008,Rosenpin
26129323,Durai Amuthan.H^Mostafa Jamareh^Alireza Rahimi
26135049,Hayden^Amsheer^ashoke
26148033,TheMaystro2009^dharms
26160165,Maxim Akristiniy^Stock
26213460,akash yadav^Tasos K.^Saranya Devi
26311739,Mike M.^AruLNadhaN
26335039,Charline
26359349,Moradiya Akash^Ashish Tamrakar^Matiullah
26375184,Mohammad Jubayer^Himanshu Agarwal^Oleksandr^Chilledrat^Alexander Kulyakhtin
26410541,user1635564^Rhumborl
26423964,Mati
26459122,Ashwin N Bhanushali^NEWBIE^Amsheer
26474514,King-Wizard
26481471,Roberto Vergallo
26491049,Rotwang^Costular
26493171,Fareya^user1318160
26518116,Jake Wharton^portfoliobuilder
26545932,Mati
26554478,Eran^Mani^Michalis Daniilakis
26573135,ueen
26575629,Sam Dozor^Adam Sandström
26600487,varnit saini
26602958,Joolah^Panther
26608410,Amit Raj
26630833,Underbarn^Tim Castelijns^jtxyz0804
26670228,PPD
26671412,zagum^Jonik^Son Nguyen Thanh^Pedro Oliveira
26672455,PPD
26691790,akodiakson^Darish^Alec
26730034,user1770962^Steve Siebert^James_D
26739033,user3475113
26739542,nomongo^Pedro Oliveira
26762418,thestrongenough^Mathemats^goodbytes^Hisownmother
26805112,user3398666^Blaze Tama
26825373,piyush^user3398666^Indra Kumar S
26825952,hitch.united^imin^shayan pourvatan
26888824,Nejc Draganjec
26890822,tuksiarz^Hirak Chhatbar
26894235,Javier^Xm7X^Martin
26894383,piyush^Mohammed Ali^Alec
26940788,JrProgrammer
26941503,Fumihiro Xue^BlackHatSamurai^Adamski
26942666,user273107^parchment
26943404,Stephen^NAP^Mohammed Ali^MysticMagicϡ
26988871,ZInj
27015638,Ankita Singh^Pratik Dasa
27069061,Alec
27084860,Bruce^apolleitor
27111349,kido^Luciano Rodríguez
27141397,W I Z A R D^Thushara prasad^Blaze Tama
27165721,Akshat
27181843,Thushara prasad
27186211,mkafiyan^Kedarnath
27215714,Rotwang^Andrey  Kopeyko^user3398666
27231937,user3688063^Phillip Dunley
27236440,petey^jdphenix^gabe3vino
27238530,Barney^Michael
27276303,Federico Ponzi^Gabriele Mariotti
27343244,Sainath S.R
27445220,Praveen Kishore
27506335,leonbloy^mynameisJEFF^David SN^Alin Valentin
27506708,Alien1993^Yogeshbalan
27516723,mynameisJEFF^jtahlborn
27519606,M S Gadag^Quirk
27527796,JASON G PETERSON^Rahul Sood
27539831,Droid Infolabs^MysticMagicϡ^jenuine
27541796,mmlooloo^Devrath^Gabriel H
27547920,Droid Infolabs^Karioki^Tushar Pandey
27551497,gio^froy001
27578146,Martina^Hanish Sharma^No Name
27604386,Nayra Ahmed
27606933,Rohit5k2^Thush-Fdo^helldawg13^BtAndro
27647454,matthew5025^Umair
27659773,Study Universe^bartol^BtAndro
27665870,yovan786
27675010,Malik Waris Thaheem^dev.bmax
27690088,amirhossein Nezamlou^helleye^phemt.latd
27692111,spartanhooah^CommonsWare
27719759,George
27780544,Dheeraj^Trinity^Stefano
27816689,Bob
27837857,KomalG^gunr2171^EagleEye^Steve^TGMCians^Siddharth^Pritam Kesh^Mike M.^laalto
27862427,Stephen^Vishwak
27863843,sergej shafarenka^Pavel Petrashov^shkschneider
27887525,GDourado^ataulm^Sanjeet Ajnabee
27893165,death2all110^natario^Rgw3d
27893201,Kartik Prabhu
27916534,Wong Jia Kit
27971409,Ace123
27974813,GrIsHu^erp^lcw_gg
27999095,Hirak
28020742,zooky
28032287,Ortomala Lokni^Alexandre Lavoie
28043626,Anuj^user1140237^mustafasevgi
28046873,zooky^CommonsWare
28049497,rook^Peter
28053574,liltitus27^Lance Java
28058369,GreyBeardedGeek^Zell
28070634,PK__^ssatyacc^Simas^Pedro Oliveira
28078492,wkarl^Andro Selva^Peege151
28083053,89030943809
28088630,Ace123
28097520,CzarMatt^zaarr78
28099744,Mark Shuttleworth^bjiang
28116025,Sarvagna Mehta^opeoea
28119149,deadfish^Zell
28124325,opeoea^Sanjeet Ajnabee
28126692,Price^opeoea
28133600,cold_brew^Cactus^Anggrayudi H^Hakem Zaied
28135662,olyv^89030943809
28138379,user3528927
28152955,dangalg^Sarvagna Mehta^EagleEye^opeoea^localhost
28176729,darnmason^opeoea
28177863,bearsmahoney^TOP^casolorz
28182543,Gravitoid^Scott
28197527,Marcus
28303761,Skizo-ozᴉʞS^FrancescoC^arogachev
28337276,
28342181,uuzelac^Alécio Carvalho^Elena 
28360648,Birrel^ytRino
28380581,amin
28416710,Max Zavernutiy
28510574,StenSoft^charliebeckwith^Guixe94
28512662,Remees M Syde^Djordje Tankosic^Mukesh Rana^Tarun Sharma
28586181,TwoStarII^Opiatefuchs
28589900,Eenvincible^Ahmad
28621047,Taylor^tachyonflux
28675794,Theo Jansen^Gorcyn
28682408,ColinMKH^Gabriele Mariotti
28682968,Arnes^Y.S.
28689554,Noni A.^Arnav M.
28700512,RSM^PPartisan
28705637,bodagetta
28720038,shayan pourvatan^Brendan Henry
28734205,Christopher Spencer^hidro
28739744,mdx1563^Amrita Chaudhuri^ZulNs
28742051,KCD^Y.S.
28758383,user3424696^Ram^Tushar Gogna
28769815,bpncool^user3884522^Said Oudou
28786310,Johann Vassallo^Prokash Sarkar^Purple Lotus
28793627,theapache64^adnan9011^Nikhil Agrawal
28804009,Adhish Thite^Sver
28809727,Mehdi Rahimi^IshRoid
28821125,Dave S^John^Mazinger
28824082,
28831396,Jesson Atherton^Ambran^Ali Sharabiani
28839529,apesa^kishan^frodopusto
28869840,Georgi Angelov^Fahim
28871366,Noni A.
28872749,Ben Win^Peter Lang^Ccyan
28876645,Born To Win^user43633
28887056,atamakosi^sphanley^Seralic
28900971,LaurentY^user3067835
28905891,Amos^Jay Soyer
28946175,2Dee^CiaranC94
28950552,Bibin Venugopal^R1c0^Juan Manuel
28955924,Noni A.^airowe
28967634,vivek tiwari
28975234,rgettman^user121330
29008676,
29018333,
29059263,Eng. Samer T^cafebabe1991
29071008,Amrut Bidri^Jacques Krause
29104212,Alex Knight^Simulant
29154598,Dan^MadProgrammer
29171436,aB9^Rushikesh Gomekar^Neel Krishna
29176821,Can Poyrazoğlu^smovie9
29207190,surfer190
29242197,Dan^camickr
29298551,
29361973,Noni A.^The Original Android
29375521,firefly^Steffen Vangsgaard
29381074,Ajeet^l-l^android-user
29399066,Errol Green^Blackbelt
29421838,kris larson^Errol Green
29436447,emresancaktar^mergenchik^sepp2k
29442358,Noni A.^adalPaRi
29453858,Noni A.^Alex Cohn^Bhavdip Sagar^San Ti
29455603,bazinga
29463640,Malek Boubakri^JGPhilip^AndroidEx
29472386,
29472729,halfer^Mickey Tin^Ahmet Yuva
29479081,
29494569,Kaitis^Anand Savjani
29501216,Xcihnegn^Yamen Tawk^Heshan Sandeepa
29509921,Xcihnegn^pritesh
29537678,Karthika PB^Aladdin
29559844,mr.questioner^SMA
29582523,Bruno César^Yuriy  Kot
29586405,Channa
29637976,Stevetro
29639165,CommonsWare^displayname^ucsunil^Ahmed Abidi
29645867,Blackbelt^Md. Nasir Uddin Bhuiyan
29670332,
29718724,Cocorico^figgycity50
29720724,Brett Okken^HaveNoDisplayName^Mattia Maestrini^Peter Pei Guo^Robert^Firo^Charles Durham^Alex P.^Devrath
29728030,questioner^natario^ribicincc
29730367,Sukhvir Thapar^razzledazzle
29737438,Codeman^Guilherme Garcia da Rosa^Vishal
29755549,Stan^dora^xcode_Dev
29775984,udduk^tachyonflux^Heshan Sandeepa^xcode_Dev
29783592,Charaf Eddine Mechalikh^Robert
29811688,Riad^McAdam331^Mario Alzate
29819262,Matthias F.^David Buckley
29823055,rasmeta^Arthur Korchagin^SaNtoRiaN^N J
29829985,Joeliomason^Joshua Byer^Daniel Nugent
29849911,Ziem^Android Android^sajadrahmani^Soham
29851950,Xcihnegn^John
29852094,tyczj
29854595,Ziem^user2717997^sidon^Rohn Adams
29869283,Vahagn^Mike Laren
29916060,Dheeraj Kumar^Ercan^TechGuy
29918912,RocketRandom^ci_^greenapps
29927671,Nick Spriet^Bojan Kseneman^FreddieV4^Ashtaroth
29942617,shivani gupta^TechGuy^Konrad Krakowiak
29986880,Mureinik^Muhammad Adil^jason
29987223,shahd^Radek O^user3782779^Anthony M. Powers^Iftah^SabU^pasql^florent champigny^Francisco Osnaya
30013993,diaconu liviu
30029953,Christopher Bottoms^Jay Shah^user2056563^juliobetta
30044465,Sandeep Singh^Prasanth Perumal^GrIsHu^ree1991
30051580,Ankit Bansal^Jignesh Jain^1binary0^hidro
30062402,user1003916
30072781,Kushal^user1435604
30073922,King of Masses^Seitaridis^Ankit Bansal^RadijatoR^Arturs Vancans^M D
30102397,Lister^Karthika PB^Gabriella Angelova
30150710,Mohammad Arman^El Jazouli^Vahagn^Nik Myers
30168292,
30193182,
30249013,CommonsWare^Jacob Platin
30267200,Mariano Pelizzari^Dhaval Patel
30268909,mbmc^Daniel Nugent^DSlomer64
30402967,Oscar Orellana^leibreichb1
30411228,Orlangure^adafrwefsefr
30419922,Eugene H^mordern revolution
30445379,Oscar Orellana
30445399,Paradox^Karnak
30488622,fcmonoid^Alan47
30498893,Noni A.
30499267,
30505700,Pang^user3259615
30515078,Mariano Pelizzari^Ajay P. Prajapati
30518294,Gabriele Mariotti^markbratanov^user3505727
30520573,innershows^Neha Shukla^cf chan^quick learner
30539772,Oleksii Shliama^Soren Stoutner^TWilly
30543881,gunjan luthra^Muhammad Usman Khan
30576147,Predrag Maric^Daniel Gschösser
30626632,Kang Jin
30662444,krishna
30694156,Krøllebølle^Blackbelt
30719919,HHS^Elenasys^Unheilig
30721135,
30724667,hemanth1488^newbie
30739986,Rolando Correa
30772629,Ahmad Nawaz^user765^mortalis^ama989
30794650,HelloCW
30806142,N Jay^Wishmaster^Anggrayudi H^Mimmo Grottoli^HelloCW^astuter
30821858,Jaffer Alfahdawi^Pankaj^Jared Burrows
30836672,HelloCW
30858707,Gaurav Jindal^Profreak
30881770,HelloCW
30885461,snodnipper^shilovk^localhost
30885462,HelloCW^ridsatrio^himanshu munjal^Shoeb Siddique
30888029,Jijo John^tushar narang^Ellie Zou^Anupriya
30889902,Kumar^Yangfan
30901365,nktsamba
30903945,Kairi San^Neha Shukla
30965412,mohamad bagheri
30975513,Michael Roland^user3498133
30984466,user986474^kucing_terbang^dom
30996057,chsdk^Dipesh More^Johnson Abraham^Tom
31015772,Sharj^wesley franks
31018953,Jerex^Rishad Appat^Brian Tompsett - 汤莱恩
31019671,Wtower^Amarbir Singh^krnptl
31059511,isma3l^Umang Goel
31070017,KennethLazos^JU5T1C3
31085086,MasterAM^Ituoke Ajanlekoko^Amaresh
31085833,
31087826,MAYANK JINDAL^Krishna V
31098446,Burak Karasoy^Stephen Lombardo
31152004,Peter
31154198,Gurupad Mamadapur
31174874,HelloCW^panini
31176783,Tadrish Singh
31185419,jmateo^Dusan Dimitrijevic
31185682,heena^Blackbelt
31198616,dfdumaresq^Abhishek V
31199784,Chandrakanth^Vaisakh N
31223743,
31279417,Dirty Beach
31279802,Peanuts^Alex Prut
31306536,zzas11^user102303^user111
31310392,BVtp^Paresh Mayani^Amsheer
31311355,Amarbir Singh^Android Android^u2fan^Android Developer^Anton  Malmygin
31327238,Joshua Michael
31331052,Hải Nguyễn^4127157^Antonio^Sound Conception^Damian Kozlak
31351263,jmoran^mikeb^BalusC
31372852,Ayoze Pérez^user3911382
31374847,Sushil^justDroid^cf chan^Anoop M
31380947,sachithkn^Kingfisher Phuoc
31426483,deniz^Ranjith Kumar^tushar narang
31440746,Malik Epperson^Melvin Mauricio
31451778,MikeKeepsOnShine
31454785,Ivano Donadi^BenJaminSila^Deep
31510140,
31545773,Md. Nasir Uddin Bhuiyan
31546776,cbender^digidude^Satya^Jeremy Fisher^user2719471
31585468,Alex^Puneet Kushwah^Durgesh Patel
31629881,Samrat Dutta^Itzick Binder
31675649,Liudvikas Bukys^Azim Ansari^Gaurav chauhan
31698794,LinaInverce^XeniaSis^Valeri Chakarov^Deepak Goyal
31701586,VincentDEJ^Android Develeoper
31711109,Aleix Sanchis^danysz
31723711,Adarsh Yadav^jmcdonnell40^Android Develeoper
31773148,Antoni4040
31822215,Raghunandan^PereraSH^Mangesh Ghotage
31829895,Desmond Yao^hakim^Andrew
31830571,vipul bansal^yshahak
31846205,mike^PAujla^Mohammad Ghazanfar^bcorso
31877264,Achilles
31887283,Andrew
31909582,airowe^BrunoRamalho
31947047,
31953449,TheGreat004^David
31963396,Research Development^Arun Shankar
31969584,Yuriy^Scott^Doug Ray^matty357^jakeinmn
32000224,Phan Sinh^Andrew
32001604,Денис Клещев^alvin valdez
32015465,Swapnil Srivastav
32018168,vaultah^Eyad Mhanna^Eli^mehdi akbarian
32022818,sandrstar^Artem Stepanenko^Sobhe Sefied
32025591,Mohsen Morshedi^Mauker^Santosh Salunke
32039710,
32047827,paxbat^Gaurav Arora
32071683,Hussein El Feky^Andrew^Richard Chambers^N J
32087699,abdullah çelik
32115037,Vasilisfoo
32125246,KISHORE_ZE^dhke^abdullah çelik^Yuva Raj
32125601,CommonsWare^Colin Basnett
32141488,ZZZ^StupidFox
32152986,Syafiq Azlan
32176099,Pankaj Anand
32203609,Robin Dijkhof^Sridhar^kazume
32243377,Ken Y-N^Jasper
32251959,Dici^gautamp8^mizi^Hector Arredondo Lugo^Alaa
32269384,Amol Sawant 96 Kuli^larrougOs
32274803,Trey Cai^Mrad Mrad^Derek Fung
32296923,tynn^Akshay Sharma^Nick Fedorov
32335761,
32337556,user29051986
32353882,ffttyy^Darshan Mistry^Kaveesh Kanwal^Arjun Panickssery
32354628,AJNeufeld^Anudeep Samaiya^Isham
32364415,George Rappel^dARK-f3n1Xx
32368487,hars
32380876,Ashok Varma^Chilcone
32400555,Andrew^Jolson
32409939,tsukanomon
32425384,Nikhil Verma^Yvette Colomb
32479042,ojonugwa ochalifu
32480888,Sva.Mu^johnpolqkov
32486100,Daniel Burgner
32497800,irudaya rajasekar^Wildness^Balman Rawat^Samira Ekrami
32506715,KT79
32520344,KT79^Rajesh
32520517,Damian Kozlak^Pavel
32521005,scottbear^Vivek Singh^Smashing
32532289,sourabh bans^Vola
32538359,dj Bravo
32539284,dj Bravo^ataulm
32556052,Brandon Lerner^Peter Fam
32569520,hata^Marco De Roni^Shrey
32573800,Arsal Imam
32586337,Stan Malcolm
32598866,Nick Mowen^Java coder^moxi
32603010,Joehamir^Kashif Anwar^kulafo1
32610908,Digipng^NightShadeQueen
32612744,Lewis McGeary^KT79^Daniel Ocampo
32620421,BaBazinga
32621325,Nick Mowen
32689996,Joehamir^marmor
32697235,Jaiprakash Soni^Rotwang^Ugur Ozmen^Hi I'm Frogatto^Jignesh Ansodariya
32697741,
32702232,Make2001
32708665,Jackson^Mattia Maestrini^Garg's^cel^Joehamir^EdChum^Tunaki
32723519,CommonsWare^Anro Swart
32737650,Joehamir^Rami
32753259,rajan ks^rKrishna^Mehul Kabaria^Faisal Khan
32754703,Joehamir^Rami
32754714,rajan ks^arun^Thomas R.
32767543,hata^freddieptf^Vipin Kumar
32776710,Joehamir^Satyen Udeshi
32788871,BNK^Mogsdad^xxxzhi^AND4011002849
32801598,Cosmin Oprea^subhash
32807169,vishnus^LPs^sandhu^siva
32810046,Alen Genije^vishnus
32810910,Joao Pereira^Lazai
32834766,
32844169,Ashish Shukla^Suleiman19^asdf
32867768,Ka Chun Yim
32920888,
32946928,Shashank Gupta^alanv
32962967,
32991001,
32991147,Kæmpe Klunker
33038453,Ravidx7
33052371,D. Lohush^Rajan Bhavsar^Sathya Baman
33053328,starkshang^David Diaz^Sukhvir
33062146,sachin choudhary^user3406222
33078472,Princes Aish
33086110,Princes Aish
33098481,Tushar Sharma^andlrc^Cillian Myles^Phan Van Linh
33110492,joao Beno^hata^Muktadir^user5195185
33121244,Sunil Kumar^Cold Fire^breakout^ArtOfCode^Rahul Chaudhary^Rajesh
33145610,breakout^vguzzi^camelCaseCoder
33158457,Mauro M^Diyoda_^pgiitu
33161079,kabs
33186331,CommonsWare^Mikel^VVJ
33188495,Gem Ubaldo^madam
33188722,Leo_developer
33206133,Gem Ubaldo
33208111,Gem Ubaldo^M D^Geert Berkers
33214167,J.D
33229361,Gem Ubaldo^Majkl^Lawrance^Hiren Patel
33229493,
33255637,Sumon Bappi^MilanNz^gmetax^Ashish Shukla
33284472,breakout^cricket_007
33288391,Mazinger^Amar
33299878,Parth Anjaria
33335300,sirmagid^Dumitru Vlad
33338507,Html Tosin
33340870,Gem Ubaldo^Droidwala
33388284,alicia
33400082,Dumitru Vlad
33429628,vaibhav^Arjun^Mrad Mrad
33450950,Rotwang^KishuDroid^AMiN Shahedi
33461517,Eyad Mhanna
33467561,Iulian Vărzaru^Akshay^Aditya Vyas-Lakhan
33470213,CL.^erisanderos
33475657,Meik Behnfeldt
33581569,Nikunj^vikky^Blackbelt
33600303,java12340000^Smittey
33618210,java12340000^KKinsey
33655563,Tunaki^BilalMH
33685578,Ahmed Daou^Dustin Knight
33687734,Марат Тайчинов
33712376,Mike M.^BekaBot^Majdy the programmer Bboy
33740548,Francisco Hernandez^Angel Hernandez
33742483,jalilIrfan
33773600,Guy S
33775027,Sangeeta^p. ld
33846098,RediOne1^John DOE
33853229,Rotwang^Jo Jo Roid
33867429,Dani2222^Rami
33909548,09Q71AO534^Imran Ahmed^Andreas Fester^Thomas Stets
33909590,Yusuf^Anoop M
33909749,Michele^Blaze Tama
33909750,hacker don't have^Pang^yst
33955890,farhan patel^Fabin Paul^user2431114^Anoop M
33969443,laalto
33981907,Mike M.^sushant gosavi ^user3834293^Mohsen
34059535,sun^Manoj kumar
34129330,Droidwala^Housefly
34180596,Silwester^Pavan Bilagi^bluelover
34205689,cherry
34225067,Nitesh^unlimited101^4k3R^李盛峰^Ofek Agmon
34299492,Nathan
34314608,Rotwang^longwalker^Rajubhai Rathod
34324299,qbix^jim he
34338467,Kakashi^michgauz
34358913,Nate Barbettini^timgeb^holex^helmbert^balram rexwal^tkanzakic^Mauker^McAdam331
34364366,
34374356,CL.^jim he^user3016988
34468612,Arun^zero323
34509017,dgngulcan^Michael Dorner^Sudhanshu Singh^sumit singh^Damian Kozlak
34535983,Kaushal Patel^jim he
34537856,Mhmd Salem^sushi7777^EJP^Jackowski
34550382,tothkris^Mhmd Salem
34571336,Yaw Asare^Jaspal Hayer
34633488,Thiago Martinho^kishore jethava^BhagyaNivi
34679010,Halatira^pskink
34689257,Setine
34713561,Chemistpp^kneedhelp^scsere
34728157,Chemistpp^Miserable Variable
34737317,Jon Skeet^Vivek Singh^will_hunting
34752996,androidFan^Caleb Kleveter
34764880,topsy coder
34791295,
34793276,Erik-Jan Westendorp^Zoubiock
34796262,
34808678,mixel^topsy coder^ρяσѕρєя K
34827979,WKBae^Bhargav Kumar R
34833919,Charuka Silva
34844357,Ali Yassine^Mike^FunkSoulBrother^hash-set
34858945,CommonsWare^Whiz
34903326,Mike M.^Sai Kiran
34922500,Jure Males^Ali Yassine^Rohit5k2^sasikumar
34925338,thetonrifles^Rohit5k2^plood^Ivan Smolyar^Knossos
34926735,Fustigador^Ali Yassine^DadoZolic
34929404,Ali Yassine^TheSunny
34945718,Alex Simion
35053480,Hoo^Sandeep Tiwari^Rajesh^Android27^Quality Products^Aditya Vyas-Lakhan
35066183,Phil^Wuffle
35070626,niks^Rahmat Waisi^Lucas^Bajal
35075952,Phuoc Huynh^user5808807^Gavriel
35088389,NoChinDeluxe^AndroidMechanic^Filip Cecelja
35108642,bayou.io^BruceB^David Schwartz
35134085,joan^Jaspal Hayer^Mr Lister
35150125,Bhavik Mehta^Mike M.
35166306,Skeeve^Boris the Spider
35264102,Soham Dutta^gauravsheohar^Shoeb Siddique^Devendra Singh^user2645941^Mustansar Saeed
35277144,Viki^Desdroid^Esteban Herrera^Ajit Hogade
35288152,kamlesh gorasiya^pratik^Michele La Ferla^Divakar
35300605,Stanojkovic^Kirill Zotov
35352176,Zahan Safallwa^CL.^M0rty
35356695,Deto lath
35370710,
35394866,DaveNOTDavid^Amir Horev
35421277,Victor Boutte'
35468449,Jonathan727
4757037,Joachim Sauer^maaartinus^garima^AndyF^sfussenegger
5033379,Brent Edwards^taraloca
5311834,SBJ^Miran^Harshid^Nezam^Mike S.^Chirag Raval^Ragunath Jawahar^Benjamin Piette^Alex
5593756,musiKk^jomaora
5914564,Jaydeep Khamar^user721399
6895868,Chris ^Vineet Reynolds^Edwin Dalorzo^mw88^user2875754
6923941,Abhishek^Prachur^Maxim
7414805,kaaku
7420060,JPM^U Avalos
7523614,David Manpearl^user602622^rf43^kalpana c^Ragunath Jawahar
7586597,LuxuryMode^Knickedi
7731495,S Arumik^Peter Knego^AedonEtLIRA
7818753,Vervatovskis^blessenm
7944998,nob
8132039,Vlad^user370305^Magic^Reno
8278459,RC.^Radu Stejerean^Mat^uhm
8336796,Toni Almeida^raghav android^Smita^Matthieu^Rhythm^phant0m^Alexander
8860657,Gangnus^Ghouse
9052019,Dharma Kshetri^Parag Bafna
9178021,ramdroid^manniakk
9297151,Jerry Brady^caiuspb^tyb
9373424,Jon Skeet^waqaslam^droid
9453998,Lisandro^imin^GrIsHu
9614393,user1256477^Blackbelt
9730640,Aashish Bhatnagar^idiottiger^user1248404^Lasse V. Karlsen
9945347,Rajdeep Dua^Piotr
9960530,Thomas Philipakis^Barak^Nico
9999892,Ilya Blokh^stephen^Dahevos^JakeWilson801^Alex Lockwood
10163130,akonny^Agarwal Shankar
10440907,dagalpin^Huichos
10457489,Stephen Salter^Barak
10883296,Ted Hopp^Matt^Konrad Garus
11556928,Sincere Friend^Shruti^Gilles
12105634,user1506106^Dipak Keshariya^Luksprog
12775914,Guna Sekaran^ricky khatri
13871443,Qiang Jin^neuront^stack^Sam^Squonk
13927305,Lou Morda^Miral Dhokiya^Jayesh
14004933,bowmore^Leon Leony^emeraldjava
14053073,krishna^Satya Swaroop Boddu^izaera^Brian Agnew
14153786,Matteo Bononi 'peorthyr'^GrIsHu^ThePCWizard^ρяσѕρєя K^JJD^Praful Bhatnagar
14746925,Cheok Yan Cheng^Zsombor Erdődy-Nagy
14779877,rekire^Zimon
14810485,Beppi's^Maulik^Tony K.^user1345108^user2551981
15322624,Imanol
15412619,DroidBender^AlejandroVK^Deejaygeekout
15782889,Paul Lammertsma^Ashwani K^peter.bartos
16183012,Matt Accola^ChuckKelly
16761418,Neil Townsend^Andrei Erdoss
17003452,Remco Borst^Sean
17269835,Benjamin^dhavalp^Stefan de Bruijn
18116333,Y2i^Oscar Calderon
18298398,Welton122^Roman C^Raghunandan^Sankar V^Kara^Dave Chen^laalto^Jeremiah Willcock
18402755,dasdasd^Hariharan
19677793,01es^crybird^GerritCap^Akkusativobjekt^Eng.Fouad^Meet^CHowdappaM
19894612,CommonsWare^user1810991
20424147,mmmm^cgalvao1993
20657983,Robert^laalto^Sarim Sidd
20786571,Raghunandan^XSL
21212718,Ridhish Guhan^Mike^tyczj
21226473,Ajay Deepak^vnimmanapalli^Amit Gupta
21293801,Maheera Jazi^uLYsseus
21857260,Arnaud
21907131,halfer^Mohamed Emaish
22256445,Jon Skeet^nithin nambiar^Marco13^sanjaybrandtest1^Meno Hochschild
23349354,ItzHoudini^zmbq
24743247,Mikel Pascual^RYJava2014
24826057,Xaver Kapeller^crysxd^Fifer Sheep^Simas^Budius^Cüneyt
25088725,dabluck^Artjom B.^Eric
26136560,Blaze Tama
28107692,Albert Vila Calvo^Nikhil^Corina Gheorghe^David Berry
28634904,Todoy^loop
3866249,Collapse^Jeff Atwood^AHungerArtist^Richard EB^Dr. belisarius^elindsey^Nick Johnson
4234596,user3854399^Christophe Debove
4539451,CSchulz^Domen Tomažin^Vladimir Ivanov
4619436,axtavt^Xorty
5757012,user1799917^Programmer Bruce^Gunnar Bernstein^Ruslan Yanchyshyn^CommonsWare^rajath
5811336,Haphazard^deimos1988^Nathan Tuggy^Allenktv
6042771,Dan^Mohit Kanada
6350808,tmandry
6447460,mobiledev Alex^Alexis^Sana
6652690,bpmccain^user2070873
6870325,Sergey Glotov^Pikaling^oznus^Reno^Niqo^Christian Schulzendorff^Seynorth
6963661,Javi Moya^Daniel Fekete
7052011,Adrime^Nikolay Elenkov^Thunder Rabbit
7112706,stork^Mark Phillip^Artjom B.^mattblang
7269278,Dinup Kandel^Captain Giraffe
7835399,myahya^Sean Patrick Floyd^pauli
8327136,menu_on_top^HitOdessit^OldSchool4664^Jade Byfield
8382454,prof_jack^Mohit Verma^Nikhil Agrawal
8460854,breceivemail^xpapazaf^Abhishek Chanda
8741920,Errol Dsilva
8849983,Darshit Patel^RanjitRock
9288380,AndroidDev^RasTheDestroyer
9294849,user8075
9543155,Aerrow^user1203673^Android
9833988,Android^andrew^Alex Lockwood